ISO-10303-21;
HEADER;
/* Generated by software containing ST-Developer
 * from STEP Tools, Inc. (www.steptools.com) 
 */
/* OPTION: using custom renumber hook */

FILE_DESCRIPTION(
/* description */ ('STEP AP242 Edition 2',
'CAx-IF Rec.Pracs.---Representation and Presentation of Product Manufa
cturing Information (PMI)---4.0---2014-10-13',
'CAx-IF Rec.Pracs.---3D Tessellated Geometry---0.4---2014-09-14','2;1',
'CAx-IF Rec.Pracs.---User Defined Attributes---1.5---2016-08-15'),
/* implementation_level */ '2;1');

FILE_NAME(
/* name */ 'Part Studio 1',
/* time_stamp */ '2026-08-04T16:59:50Z',
/* author */ (''),
/* organization */ (''),
/* preprocessor_version */ 'ST-DEVELOPER v20',
/* originating_system */ 'ONSHAPE BY PTC INC, 1.218',
/* authorisation */ '  ');

FILE_SCHEMA (('AP242_MANAGED_MODEL_BASED_3D_ENGINEERING_MIM_LF { 1 0 10303 442 3 1 4 }'));
ENDSEC;

DATA;
#10=SHAPE_REPRESENTATION_RELATIONSHIP('','',#1407,#11);
#11=ADVANCED_BREP_SHAPE_REPRESENTATION('',(#1405),#2469);
#12=SPHERICAL_SURFACE('',#1574,0.0026556349186104);
#13=SPHERICAL_SURFACE('',#1576,0.0026556349186104);
#14=SPHERICAL_SURFACE('',#1586,0.0026556349186104);
#15=SPHERICAL_SURFACE('',#1588,0.0026556349186104);
#16=TOROIDAL_SURFACE('',#1481,0.002,0.001);
#17=TOROIDAL_SURFACE('',#1492,0.002,0.001);
#18=TOROIDAL_SURFACE('',#1494,0.002,0.001);
#19=TOROIDAL_SURFACE('',#1500,0.002,0.001);
#20=TOROIDAL_SURFACE('',#1506,0.006,0.001);
#21=TOROIDAL_SURFACE('',#1508,0.006,0.001);
#22=TOROIDAL_SURFACE('',#1514,0.006,0.001);
#23=TOROIDAL_SURFACE('',#1516,0.006,0.001);
#24=TOROIDAL_SURFACE('',#1521,0.002,0.001);
#25=TOROIDAL_SURFACE('',#1532,0.002,0.001);
#26=TOROIDAL_SURFACE('',#1534,0.002,0.001);
#27=TOROIDAL_SURFACE('',#1540,0.002,0.001);
#28=TOROIDAL_SURFACE('',#1545,0.000965685424949238,0.000482842712474619);
#29=TOROIDAL_SURFACE('',#1556,0.000965685424949238,0.000482842712474619);
#30=TOROIDAL_SURFACE('',#1558,0.000965685424949238,0.000482842712474619);
#31=TOROIDAL_SURFACE('',#1564,0.000965685424949238,0.000482842712474619);
#32=CYLINDRICAL_SURFACE('',#1441,0.005);
#33=CYLINDRICAL_SURFACE('',#1445,0.005);
#34=CYLINDRICAL_SURFACE('',#1449,0.005);
#35=CYLINDRICAL_SURFACE('',#1456,0.005);
#36=CYLINDRICAL_SURFACE('',#1479,0.001);
#37=CYLINDRICAL_SURFACE('',#1484,0.001);
#38=CYLINDRICAL_SURFACE('',#1486,0.001);
#39=CYLINDRICAL_SURFACE('',#1488,0.001);
#40=CYLINDRICAL_SURFACE('',#1490,0.001);
#41=CYLINDRICAL_SURFACE('',#1496,0.001);
#42=CYLINDRICAL_SURFACE('',#1498,0.001);
#43=CYLINDRICAL_SURFACE('',#1502,0.001);
#44=CYLINDRICAL_SURFACE('',#1503,0.001);
#45=CYLINDRICAL_SURFACE('',#1510,0.001);
#46=CYLINDRICAL_SURFACE('',#1512,0.001);
#47=CYLINDRICAL_SURFACE('',#1518,0.001);
#48=CYLINDRICAL_SURFACE('',#1519,0.001);
#49=CYLINDRICAL_SURFACE('',#1524,0.001);
#50=CYLINDRICAL_SURFACE('',#1526,0.001);
#51=CYLINDRICAL_SURFACE('',#1528,0.001);
#52=CYLINDRICAL_SURFACE('',#1530,0.001);
#53=CYLINDRICAL_SURFACE('',#1536,0.001);
#54=CYLINDRICAL_SURFACE('',#1538,0.001);
#55=CYLINDRICAL_SURFACE('',#1542,0.001);
#56=CYLINDRICAL_SURFACE('',#1543,0.000482842712474619);
#57=CYLINDRICAL_SURFACE('',#1548,0.000482842712474619);
#58=CYLINDRICAL_SURFACE('',#1550,0.000482842712474619);
#59=CYLINDRICAL_SURFACE('',#1552,0.000482842712474619);
#60=CYLINDRICAL_SURFACE('',#1554,0.000482842712474619);
#61=CYLINDRICAL_SURFACE('',#1560,0.000482842712474619);
#62=CYLINDRICAL_SURFACE('',#1562,0.000482842712474619);
#63=CYLINDRICAL_SURFACE('',#1566,0.000482842712474619);
#64=CYLINDRICAL_SURFACE('',#1567,0.0026556349186104);
#65=CYLINDRICAL_SURFACE('',#1569,0.0026556349186104);
#66=CYLINDRICAL_SURFACE('',#1571,0.0026556349186104);
#67=CYLINDRICAL_SURFACE('',#1578,0.0026556349186104);
#68=CYLINDRICAL_SURFACE('',#1580,0.0026556349186104);
#69=CYLINDRICAL_SURFACE('',#1582,0.0026556349186104);
#70=CYLINDRICAL_SURFACE('',#1584,0.0026556349186104);
#71=CYLINDRICAL_SURFACE('',#1590,0.0026556349186104);
#72=CYLINDRICAL_SURFACE('',#1591,0.0016);
#73=CYLINDRICAL_SURFACE('',#1592,0.0016);
#74=LINE('',#2069,#174);
#75=LINE('',#2072,#175);
#76=LINE('',#2074,#176);
#77=LINE('',#2076,#177);
#78=LINE('',#2080,#178);
#79=LINE('',#2084,#179);
#80=LINE('',#2088,#180);
#81=LINE('',#2092,#181);
#82=LINE('',#2096,#182);
#83=LINE('',#2100,#183);
#84=LINE('',#2104,#184);
#85=LINE('',#2108,#185);
#86=LINE('',#2112,#186);
#87=LINE('',#2116,#187);
#88=LINE('',#2120,#188);
#89=LINE('',#2124,#189);
#90=LINE('',#2128,#190);
#91=LINE('',#2132,#191);
#92=LINE('',#2136,#192);
#93=LINE('',#2140,#193);
#94=LINE('',#2142,#194);
#95=LINE('',#2145,#195);
#96=LINE('',#2147,#196);
#97=LINE('',#2149,#197);
#98=LINE('',#2151,#198);
#99=LINE('',#2154,#199);
#100=LINE('',#2156,#200);
#101=LINE('',#2158,#201);
#102=LINE('',#2160,#202);
#103=LINE('',#2163,#203);
#104=LINE('',#2165,#204);
#105=LINE('',#2167,#205);
#106=LINE('',#2169,#206);
#107=LINE('',#2172,#207);
#108=LINE('',#2174,#208);
#109=LINE('',#2176,#209);
#110=LINE('',#2178,#210);
#111=LINE('',#2181,#211);
#112=LINE('',#2183,#212);
#113=LINE('',#2185,#213);
#114=LINE('',#2187,#214);
#115=LINE('',#2190,#215);
#116=LINE('',#2192,#216);
#117=LINE('',#2194,#217);
#118=LINE('',#2196,#218);
#119=LINE('',#2199,#219);
#120=LINE('',#2201,#220);
#121=LINE('',#2203,#221);
#122=LINE('',#2205,#222);
#123=LINE('',#2208,#223);
#124=LINE('',#2210,#224);
#125=LINE('',#2212,#225);
#126=LINE('',#2214,#226);
#127=LINE('',#2217,#227);
#128=LINE('',#2219,#228);
#129=LINE('',#2221,#229);
#130=LINE('',#2223,#230);
#131=LINE('',#2226,#231);
#132=LINE('',#2228,#232);
#133=LINE('',#2230,#233);
#134=LINE('',#2232,#234);
#135=LINE('',#2235,#235);
#136=LINE('',#2237,#236);
#137=LINE('',#2239,#237);
#138=LINE('',#2241,#238);
#139=LINE('',#2244,#239);
#140=LINE('',#2246,#240);
#141=LINE('',#2248,#241);
#142=LINE('',#2250,#242);
#143=LINE('',#2253,#243);
#144=LINE('',#2255,#244);
#145=LINE('',#2257,#245);
#146=LINE('',#2259,#246);
#147=LINE('',#2265,#247);
#148=LINE('',#2268,#248);
#149=LINE('',#2269,#249);
#150=LINE('',#2271,#250);
#151=LINE('',#2277,#251);
#152=LINE('',#2280,#252);
#153=LINE('',#2281,#253);
#154=LINE('',#2283,#254);
#155=LINE('',#2289,#255);
#156=LINE('',#2292,#256);
#157=LINE('',#2293,#257);
#158=LINE('',#2295,#258);
#159=LINE('',#2298,#259);
#160=LINE('',#2300,#260);
#161=LINE('',#2302,#261);
#162=LINE('',#2304,#262);
#163=LINE('',#2307,#263);
#164=LINE('',#2309,#264);
#165=LINE('',#2311,#265);
#166=LINE('',#2313,#266);
#167=LINE('',#2316,#267);
#168=LINE('',#2318,#268);
#169=LINE('',#2320,#269);
#170=LINE('',#2325,#270);
#171=LINE('',#2328,#271);
#172=LINE('',#2330,#272);
#173=LINE('',#2332,#273);
#174=VECTOR('',#1601,1.);
#175=VECTOR('',#1602,1.);
#176=VECTOR('',#1603,1.);
#177=VECTOR('',#1604,1.);
#178=VECTOR('',#1607,1.);
#179=VECTOR('',#1610,1.);
#180=VECTOR('',#1613,1.);
#181=VECTOR('',#1616,1.);
#182=VECTOR('',#1619,1.);
#183=VECTOR('',#1622,1.);
#184=VECTOR('',#1625,1.);
#185=VECTOR('',#1628,1.);
#186=VECTOR('',#1631,1.);
#187=VECTOR('',#1634,1.);
#188=VECTOR('',#1637,1.);
#189=VECTOR('',#1640,1.);
#190=VECTOR('',#1643,1.);
#191=VECTOR('',#1646,1.);
#192=VECTOR('',#1649,1.);
#193=VECTOR('',#1652,1.);
#194=VECTOR('',#1655,1.);
#195=VECTOR('',#1656,1.);
#196=VECTOR('',#1657,1.);
#197=VECTOR('',#1658,1.);
#198=VECTOR('',#1661,1.);
#199=VECTOR('',#1662,1.);
#200=VECTOR('',#1663,1.);
#201=VECTOR('',#1664,1.);
#202=VECTOR('',#1667,1.);
#203=VECTOR('',#1668,1.);
#204=VECTOR('',#1669,1.);
#205=VECTOR('',#1670,1.);
#206=VECTOR('',#1673,1.);
#207=VECTOR('',#1674,1.);
#208=VECTOR('',#1675,1.);
#209=VECTOR('',#1676,1.);
#210=VECTOR('',#1679,1.);
#211=VECTOR('',#1680,1.);
#212=VECTOR('',#1681,1.);
#213=VECTOR('',#1682,1.);
#214=VECTOR('',#1685,1.);
#215=VECTOR('',#1686,1.);
#216=VECTOR('',#1687,1.);
#217=VECTOR('',#1688,1.);
#218=VECTOR('',#1691,1.);
#219=VECTOR('',#1692,1.);
#220=VECTOR('',#1693,1.);
#221=VECTOR('',#1694,1.);
#222=VECTOR('',#1697,1.);
#223=VECTOR('',#1698,1.);
#224=VECTOR('',#1699,1.);
#225=VECTOR('',#1700,1.);
#226=VECTOR('',#1703,1.);
#227=VECTOR('',#1704,1.);
#228=VECTOR('',#1705,1.);
#229=VECTOR('',#1706,1.);
#230=VECTOR('',#1709,1.);
#231=VECTOR('',#1710,1.);
#232=VECTOR('',#1711,1.);
#233=VECTOR('',#1712,1.);
#234=VECTOR('',#1715,1.);
#235=VECTOR('',#1716,1.);
#236=VECTOR('',#1717,1.);
#237=VECTOR('',#1718,1.);
#238=VECTOR('',#1721,1.);
#239=VECTOR('',#1722,1.);
#240=VECTOR('',#1723,1.);
#241=VECTOR('',#1724,1.);
#242=VECTOR('',#1727,1.);
#243=VECTOR('',#1728,1.);
#244=VECTOR('',#1729,1.);
#245=VECTOR('',#1730,1.);
#246=VECTOR('',#1733,1.);
#247=VECTOR('',#1740,1.);
#248=VECTOR('',#1741,1.);
#249=VECTOR('',#1742,1.);
#250=VECTOR('',#1745,1.);
#251=VECTOR('',#1752,1.);
#252=VECTOR('',#1753,1.);
#253=VECTOR('',#1754,1.);
#254=VECTOR('',#1757,1.);
#255=VECTOR('',#1764,1.);
#256=VECTOR('',#1765,1.);
#257=VECTOR('',#1766,1.);
#258=VECTOR('',#1769,1.);
#259=VECTOR('',#1770,1.);
#260=VECTOR('',#1771,1.);
#261=VECTOR('',#1772,1.);
#262=VECTOR('',#1775,1.);
#263=VECTOR('',#1776,1.);
#264=VECTOR('',#1777,1.);
#265=VECTOR('',#1778,1.);
#266=VECTOR('',#1781,1.);
#267=VECTOR('',#1782,1.);
#268=VECTOR('',#1783,1.);
#269=VECTOR('',#1784,1.);
#270=VECTOR('',#1793,1.);
#271=VECTOR('',#1794,1.);
#272=VECTOR('',#1795,1.);
#273=VECTOR('',#1796,1.);
#274=ORIENTED_EDGE('',*,*,#674,.F.);
#275=ORIENTED_EDGE('',*,*,#675,.F.);
#276=ORIENTED_EDGE('',*,*,#676,.T.);
#277=ORIENTED_EDGE('',*,*,#677,.T.);
#278=ORIENTED_EDGE('',*,*,#678,.T.);
#279=ORIENTED_EDGE('',*,*,#679,.T.);
#280=ORIENTED_EDGE('',*,*,#680,.F.);
#281=ORIENTED_EDGE('',*,*,#681,.T.);
#282=ORIENTED_EDGE('',*,*,#682,.F.);
#283=ORIENTED_EDGE('',*,*,#683,.T.);
#284=ORIENTED_EDGE('',*,*,#684,.F.);
#285=ORIENTED_EDGE('',*,*,#685,.T.);
#286=ORIENTED_EDGE('',*,*,#686,.F.);
#287=ORIENTED_EDGE('',*,*,#687,.T.);
#288=ORIENTED_EDGE('',*,*,#688,.F.);
#289=ORIENTED_EDGE('',*,*,#689,.T.);
#290=ORIENTED_EDGE('',*,*,#690,.F.);
#291=ORIENTED_EDGE('',*,*,#691,.T.);
#292=ORIENTED_EDGE('',*,*,#692,.F.);
#293=ORIENTED_EDGE('',*,*,#693,.T.);
#294=ORIENTED_EDGE('',*,*,#694,.F.);
#295=ORIENTED_EDGE('',*,*,#695,.T.);
#296=ORIENTED_EDGE('',*,*,#696,.T.);
#297=ORIENTED_EDGE('',*,*,#697,.T.);
#298=ORIENTED_EDGE('',*,*,#698,.T.);
#299=ORIENTED_EDGE('',*,*,#699,.T.);
#300=ORIENTED_EDGE('',*,*,#700,.T.);
#301=ORIENTED_EDGE('',*,*,#701,.T.);
#302=ORIENTED_EDGE('',*,*,#702,.T.);
#303=ORIENTED_EDGE('',*,*,#703,.T.);
#304=ORIENTED_EDGE('',*,*,#704,.F.);
#305=ORIENTED_EDGE('',*,*,#705,.T.);
#306=ORIENTED_EDGE('',*,*,#706,.F.);
#307=ORIENTED_EDGE('',*,*,#707,.T.);
#308=ORIENTED_EDGE('',*,*,#708,.F.);
#309=ORIENTED_EDGE('',*,*,#709,.T.);
#310=ORIENTED_EDGE('',*,*,#710,.F.);
#311=ORIENTED_EDGE('',*,*,#711,.T.);
#312=ORIENTED_EDGE('',*,*,#712,.T.);
#313=ORIENTED_EDGE('',*,*,#713,.T.);
#314=ORIENTED_EDGE('',*,*,#714,.T.);
#315=ORIENTED_EDGE('',*,*,#715,.T.);
#316=ORIENTED_EDGE('',*,*,#716,.T.);
#317=ORIENTED_EDGE('',*,*,#717,.T.);
#318=ORIENTED_EDGE('',*,*,#718,.T.);
#319=ORIENTED_EDGE('',*,*,#719,.T.);
#320=ORIENTED_EDGE('',*,*,#720,.T.);
#321=ORIENTED_EDGE('',*,*,#721,.T.);
#322=ORIENTED_EDGE('',*,*,#722,.T.);
#323=ORIENTED_EDGE('',*,*,#723,.T.);
#324=ORIENTED_EDGE('',*,*,#724,.T.);
#325=ORIENTED_EDGE('',*,*,#725,.T.);
#326=ORIENTED_EDGE('',*,*,#726,.T.);
#327=ORIENTED_EDGE('',*,*,#727,.T.);
#328=ORIENTED_EDGE('',*,*,#728,.T.);
#329=ORIENTED_EDGE('',*,*,#729,.T.);
#330=ORIENTED_EDGE('',*,*,#730,.T.);
#331=ORIENTED_EDGE('',*,*,#731,.T.);
#332=ORIENTED_EDGE('',*,*,#732,.F.);
#333=ORIENTED_EDGE('',*,*,#733,.T.);
#334=ORIENTED_EDGE('',*,*,#734,.T.);
#335=ORIENTED_EDGE('',*,*,#735,.T.);
#336=ORIENTED_EDGE('',*,*,#736,.T.);
#337=ORIENTED_EDGE('',*,*,#737,.T.);
#338=ORIENTED_EDGE('',*,*,#738,.F.);
#339=ORIENTED_EDGE('',*,*,#739,.T.);
#340=ORIENTED_EDGE('',*,*,#740,.T.);
#341=ORIENTED_EDGE('',*,*,#741,.T.);
#342=ORIENTED_EDGE('',*,*,#742,.T.);
#343=ORIENTED_EDGE('',*,*,#743,.T.);
#344=ORIENTED_EDGE('',*,*,#744,.T.);
#345=ORIENTED_EDGE('',*,*,#745,.T.);
#346=ORIENTED_EDGE('',*,*,#746,.T.);
#347=ORIENTED_EDGE('',*,*,#747,.T.);
#348=ORIENTED_EDGE('',*,*,#748,.T.);
#349=ORIENTED_EDGE('',*,*,#749,.T.);
#350=ORIENTED_EDGE('',*,*,#750,.F.);
#351=ORIENTED_EDGE('',*,*,#751,.T.);
#352=ORIENTED_EDGE('',*,*,#752,.F.);
#353=ORIENTED_EDGE('',*,*,#753,.T.);
#354=ORIENTED_EDGE('',*,*,#754,.T.);
#355=ORIENTED_EDGE('',*,*,#755,.T.);
#356=ORIENTED_EDGE('',*,*,#756,.T.);
#357=ORIENTED_EDGE('',*,*,#757,.T.);
#358=ORIENTED_EDGE('',*,*,#758,.T.);
#359=ORIENTED_EDGE('',*,*,#759,.T.);
#360=ORIENTED_EDGE('',*,*,#760,.F.);
#361=ORIENTED_EDGE('',*,*,#761,.T.);
#362=ORIENTED_EDGE('',*,*,#762,.T.);
#363=ORIENTED_EDGE('',*,*,#763,.F.);
#364=ORIENTED_EDGE('',*,*,#764,.F.);
#365=ORIENTED_EDGE('',*,*,#765,.T.);
#366=ORIENTED_EDGE('',*,*,#760,.T.);
#367=ORIENTED_EDGE('',*,*,#766,.F.);
#368=ORIENTED_EDGE('',*,*,#767,.F.);
#369=ORIENTED_EDGE('',*,*,#768,.T.);
#370=ORIENTED_EDGE('',*,*,#764,.T.);
#371=ORIENTED_EDGE('',*,*,#769,.T.);
#372=ORIENTED_EDGE('',*,*,#770,.F.);
#373=ORIENTED_EDGE('',*,*,#771,.T.);
#374=ORIENTED_EDGE('',*,*,#767,.T.);
#375=ORIENTED_EDGE('',*,*,#772,.F.);
#376=ORIENTED_EDGE('',*,*,#773,.F.);
#377=ORIENTED_EDGE('',*,*,#774,.T.);
#378=ORIENTED_EDGE('',*,*,#770,.T.);
#379=ORIENTED_EDGE('',*,*,#775,.T.);
#380=ORIENTED_EDGE('',*,*,#776,.F.);
#381=ORIENTED_EDGE('',*,*,#777,.T.);
#382=ORIENTED_EDGE('',*,*,#773,.T.);
#383=ORIENTED_EDGE('',*,*,#778,.F.);
#384=ORIENTED_EDGE('',*,*,#779,.F.);
#385=ORIENTED_EDGE('',*,*,#780,.T.);
#386=ORIENTED_EDGE('',*,*,#776,.T.);
#387=ORIENTED_EDGE('',*,*,#781,.F.);
#388=ORIENTED_EDGE('',*,*,#782,.T.);
#389=ORIENTED_EDGE('',*,*,#783,.T.);
#390=ORIENTED_EDGE('',*,*,#784,.F.);
#391=ORIENTED_EDGE('',*,*,#785,.T.);
#392=ORIENTED_EDGE('',*,*,#786,.F.);
#393=ORIENTED_EDGE('',*,*,#787,.T.);
#394=ORIENTED_EDGE('',*,*,#788,.T.);
#395=ORIENTED_EDGE('',*,*,#789,.T.);
#396=ORIENTED_EDGE('',*,*,#790,.T.);
#397=ORIENTED_EDGE('',*,*,#791,.T.);
#398=ORIENTED_EDGE('',*,*,#792,.T.);
#399=ORIENTED_EDGE('',*,*,#793,.T.);
#400=ORIENTED_EDGE('',*,*,#762,.F.);
#401=ORIENTED_EDGE('',*,*,#794,.T.);
#402=ORIENTED_EDGE('',*,*,#779,.T.);
#403=ORIENTED_EDGE('',*,*,#795,.F.);
#404=ORIENTED_EDGE('',*,*,#796,.T.);
#405=ORIENTED_EDGE('',*,*,#797,.T.);
#406=ORIENTED_EDGE('',*,*,#798,.F.);
#407=ORIENTED_EDGE('',*,*,#799,.T.);
#408=ORIENTED_EDGE('',*,*,#800,.T.);
#409=ORIENTED_EDGE('',*,*,#801,.T.);
#410=ORIENTED_EDGE('',*,*,#763,.T.);
#411=ORIENTED_EDGE('',*,*,#795,.T.);
#412=ORIENTED_EDGE('',*,*,#781,.T.);
#413=ORIENTED_EDGE('',*,*,#778,.T.);
#414=ORIENTED_EDGE('',*,*,#775,.F.);
#415=ORIENTED_EDGE('',*,*,#772,.T.);
#416=ORIENTED_EDGE('',*,*,#769,.F.);
#417=ORIENTED_EDGE('',*,*,#766,.T.);
#418=ORIENTED_EDGE('',*,*,#758,.F.);
#419=ORIENTED_EDGE('',*,*,#802,.T.);
#420=ORIENTED_EDGE('',*,*,#752,.T.);
#421=ORIENTED_EDGE('',*,*,#803,.T.);
#422=ORIENTED_EDGE('',*,*,#750,.T.);
#423=ORIENTED_EDGE('',*,*,#804,.T.);
#424=ORIENTED_EDGE('',*,*,#792,.F.);
#425=ORIENTED_EDGE('',*,*,#805,.T.);
#426=ORIENTED_EDGE('',*,*,#742,.F.);
#427=ORIENTED_EDGE('',*,*,#806,.T.);
#428=ORIENTED_EDGE('',*,*,#738,.T.);
#429=ORIENTED_EDGE('',*,*,#807,.T.);
#430=ORIENTED_EDGE('',*,*,#786,.T.);
#431=ORIENTED_EDGE('',*,*,#808,.T.);
#432=ORIENTED_EDGE('',*,*,#746,.F.);
#433=ORIENTED_EDGE('',*,*,#809,.T.);
#434=ORIENTED_EDGE('',*,*,#724,.F.);
#435=ORIENTED_EDGE('',*,*,#810,.T.);
#436=ORIENTED_EDGE('',*,*,#784,.T.);
#437=ORIENTED_EDGE('',*,*,#811,.T.);
#438=ORIENTED_EDGE('',*,*,#732,.T.);
#439=ORIENTED_EDGE('',*,*,#812,.T.);
#440=ORIENTED_EDGE('',*,*,#728,.F.);
#441=ORIENTED_EDGE('',*,*,#813,.T.);
#442=ORIENTED_EDGE('',*,*,#712,.F.);
#443=ORIENTED_EDGE('',*,*,#814,.T.);
#444=ORIENTED_EDGE('',*,*,#798,.T.);
#445=ORIENTED_EDGE('',*,*,#815,.T.);
#446=ORIENTED_EDGE('',*,*,#720,.F.);
#447=ORIENTED_EDGE('',*,*,#816,.T.);
#448=ORIENTED_EDGE('',*,*,#716,.F.);
#449=ORIENTED_EDGE('',*,*,#817,.T.);
#450=ORIENTED_EDGE('',*,*,#818,.F.);
#451=ORIENTED_EDGE('',*,*,#713,.F.);
#452=ORIENTED_EDGE('',*,*,#817,.F.);
#453=ORIENTED_EDGE('',*,*,#719,.F.);
#454=ORIENTED_EDGE('',*,*,#819,.F.);
#455=ORIENTED_EDGE('',*,*,#818,.T.);
#456=ORIENTED_EDGE('',*,*,#820,.F.);
#457=ORIENTED_EDGE('',*,*,#710,.T.);
#458=ORIENTED_EDGE('',*,*,#816,.F.);
#459=ORIENTED_EDGE('',*,*,#723,.F.);
#460=ORIENTED_EDGE('',*,*,#821,.F.);
#461=ORIENTED_EDGE('',*,*,#717,.F.);
#462=ORIENTED_EDGE('',*,*,#820,.T.);
#463=ORIENTED_EDGE('',*,*,#718,.F.);
#464=ORIENTED_EDGE('',*,*,#822,.F.);
#465=ORIENTED_EDGE('',*,*,#711,.F.);
#466=ORIENTED_EDGE('',*,*,#819,.T.);
#467=ORIENTED_EDGE('',*,*,#709,.F.);
#468=ORIENTED_EDGE('',*,*,#823,.F.);
#469=ORIENTED_EDGE('',*,*,#714,.F.);
#470=ORIENTED_EDGE('',*,*,#814,.F.);
#471=ORIENTED_EDGE('',*,*,#715,.F.);
#472=ORIENTED_EDGE('',*,*,#824,.F.);
#473=ORIENTED_EDGE('',*,*,#799,.F.);
#474=ORIENTED_EDGE('',*,*,#822,.T.);
#475=ORIENTED_EDGE('',*,*,#821,.T.);
#476=ORIENTED_EDGE('',*,*,#825,.F.);
#477=ORIENTED_EDGE('',*,*,#704,.T.);
#478=ORIENTED_EDGE('',*,*,#823,.T.);
#479=ORIENTED_EDGE('',*,*,#708,.T.);
#480=ORIENTED_EDGE('',*,*,#826,.F.);
#481=ORIENTED_EDGE('',*,*,#824,.T.);
#482=ORIENTED_EDGE('',*,*,#825,.T.);
#483=ORIENTED_EDGE('',*,*,#722,.F.);
#484=ORIENTED_EDGE('',*,*,#827,.F.);
#485=ORIENTED_EDGE('',*,*,#705,.F.);
#486=ORIENTED_EDGE('',*,*,#826,.T.);
#487=ORIENTED_EDGE('',*,*,#707,.F.);
#488=ORIENTED_EDGE('',*,*,#828,.F.);
#489=ORIENTED_EDGE('',*,*,#796,.F.);
#490=ORIENTED_EDGE('',*,*,#706,.T.);
#491=ORIENTED_EDGE('',*,*,#827,.T.);
#492=ORIENTED_EDGE('',*,*,#829,.F.);
#493=ORIENTED_EDGE('',*,*,#828,.T.);
#494=ORIENTED_EDGE('',*,*,#829,.T.);
#495=ORIENTED_EDGE('',*,*,#721,.F.);
#496=ORIENTED_EDGE('',*,*,#815,.F.);
#497=ORIENTED_EDGE('',*,*,#797,.F.);
#498=ORIENTED_EDGE('',*,*,#830,.F.);
#499=ORIENTED_EDGE('',*,*,#780,.F.);
#500=ORIENTED_EDGE('',*,*,#831,.F.);
#501=ORIENTED_EDGE('',*,*,#701,.F.);
#502=ORIENTED_EDGE('',*,*,#831,.T.);
#503=ORIENTED_EDGE('',*,*,#794,.F.);
#504=ORIENTED_EDGE('',*,*,#832,.F.);
#505=ORIENTED_EDGE('',*,*,#702,.F.);
#506=ORIENTED_EDGE('',*,*,#830,.T.);
#507=ORIENTED_EDGE('',*,*,#700,.F.);
#508=ORIENTED_EDGE('',*,*,#833,.F.);
#509=ORIENTED_EDGE('',*,*,#777,.F.);
#510=ORIENTED_EDGE('',*,*,#832,.T.);
#511=ORIENTED_EDGE('',*,*,#761,.F.);
#512=ORIENTED_EDGE('',*,*,#834,.F.);
#513=ORIENTED_EDGE('',*,*,#703,.F.);
#514=ORIENTED_EDGE('',*,*,#833,.T.);
#515=ORIENTED_EDGE('',*,*,#699,.F.);
#516=ORIENTED_EDGE('',*,*,#835,.F.);
#517=ORIENTED_EDGE('',*,*,#774,.F.);
#518=ORIENTED_EDGE('',*,*,#834,.T.);
#519=ORIENTED_EDGE('',*,*,#765,.F.);
#520=ORIENTED_EDGE('',*,*,#836,.F.);
#521=ORIENTED_EDGE('',*,*,#696,.F.);
#522=ORIENTED_EDGE('',*,*,#835,.T.);
#523=ORIENTED_EDGE('',*,*,#698,.F.);
#524=ORIENTED_EDGE('',*,*,#837,.F.);
#525=ORIENTED_EDGE('',*,*,#771,.F.);
#526=ORIENTED_EDGE('',*,*,#836,.T.);
#527=ORIENTED_EDGE('',*,*,#768,.F.);
#528=ORIENTED_EDGE('',*,*,#837,.T.);
#529=ORIENTED_EDGE('',*,*,#697,.F.);
#530=ORIENTED_EDGE('',*,*,#838,.F.);
#531=ORIENTED_EDGE('',*,*,#725,.F.);
#532=ORIENTED_EDGE('',*,*,#813,.F.);
#533=ORIENTED_EDGE('',*,*,#731,.F.);
#534=ORIENTED_EDGE('',*,*,#839,.F.);
#535=ORIENTED_EDGE('',*,*,#838,.T.);
#536=ORIENTED_EDGE('',*,*,#840,.F.);
#537=ORIENTED_EDGE('',*,*,#688,.T.);
#538=ORIENTED_EDGE('',*,*,#812,.F.);
#539=ORIENTED_EDGE('',*,*,#735,.F.);
#540=ORIENTED_EDGE('',*,*,#841,.F.);
#541=ORIENTED_EDGE('',*,*,#729,.F.);
#542=ORIENTED_EDGE('',*,*,#840,.T.);
#543=ORIENTED_EDGE('',*,*,#730,.F.);
#544=ORIENTED_EDGE('',*,*,#842,.F.);
#545=ORIENTED_EDGE('',*,*,#689,.F.);
#546=ORIENTED_EDGE('',*,*,#839,.T.);
#547=ORIENTED_EDGE('',*,*,#695,.F.);
#548=ORIENTED_EDGE('',*,*,#843,.F.);
#549=ORIENTED_EDGE('',*,*,#726,.F.);
#550=ORIENTED_EDGE('',*,*,#810,.F.);
#551=ORIENTED_EDGE('',*,*,#727,.F.);
#552=ORIENTED_EDGE('',*,*,#844,.F.);
#553=ORIENTED_EDGE('',*,*,#785,.F.);
#554=ORIENTED_EDGE('',*,*,#842,.T.);
#555=ORIENTED_EDGE('',*,*,#841,.T.);
#556=ORIENTED_EDGE('',*,*,#845,.F.);
#557=ORIENTED_EDGE('',*,*,#690,.T.);
#558=ORIENTED_EDGE('',*,*,#843,.T.);
#559=ORIENTED_EDGE('',*,*,#694,.T.);
#560=ORIENTED_EDGE('',*,*,#846,.F.);
#561=ORIENTED_EDGE('',*,*,#844,.T.);
#562=ORIENTED_EDGE('',*,*,#845,.T.);
#563=ORIENTED_EDGE('',*,*,#734,.F.);
#564=ORIENTED_EDGE('',*,*,#847,.F.);
#565=ORIENTED_EDGE('',*,*,#691,.F.);
#566=ORIENTED_EDGE('',*,*,#846,.T.);
#567=ORIENTED_EDGE('',*,*,#693,.F.);
#568=ORIENTED_EDGE('',*,*,#848,.F.);
#569=ORIENTED_EDGE('',*,*,#782,.F.);
#570=ORIENTED_EDGE('',*,*,#692,.T.);
#571=ORIENTED_EDGE('',*,*,#847,.T.);
#572=ORIENTED_EDGE('',*,*,#849,.F.);
#573=ORIENTED_EDGE('',*,*,#848,.T.);
#574=ORIENTED_EDGE('',*,*,#849,.T.);
#575=ORIENTED_EDGE('',*,*,#733,.F.);
#576=ORIENTED_EDGE('',*,*,#811,.F.);
#577=ORIENTED_EDGE('',*,*,#783,.F.);
#578=ORIENTED_EDGE('',*,*,#850,.F.);
#579=ORIENTED_EDGE('',*,*,#743,.F.);
#580=ORIENTED_EDGE('',*,*,#809,.F.);
#581=ORIENTED_EDGE('',*,*,#745,.F.);
#582=ORIENTED_EDGE('',*,*,#851,.F.);
#583=ORIENTED_EDGE('',*,*,#850,.T.);
#584=ORIENTED_EDGE('',*,*,#852,.F.);
#585=ORIENTED_EDGE('',*,*,#686,.T.);
#586=ORIENTED_EDGE('',*,*,#808,.F.);
#587=ORIENTED_EDGE('',*,*,#789,.F.);
#588=ORIENTED_EDGE('',*,*,#853,.F.);
#589=ORIENTED_EDGE('',*,*,#747,.F.);
#590=ORIENTED_EDGE('',*,*,#852,.T.);
#591=ORIENTED_EDGE('',*,*,#744,.F.);
#592=ORIENTED_EDGE('',*,*,#854,.F.);
#593=ORIENTED_EDGE('',*,*,#687,.F.);
#594=ORIENTED_EDGE('',*,*,#851,.T.);
#595=ORIENTED_EDGE('',*,*,#685,.F.);
#596=ORIENTED_EDGE('',*,*,#855,.F.);
#597=ORIENTED_EDGE('',*,*,#740,.F.);
#598=ORIENTED_EDGE('',*,*,#806,.F.);
#599=ORIENTED_EDGE('',*,*,#741,.F.);
#600=ORIENTED_EDGE('',*,*,#856,.F.);
#601=ORIENTED_EDGE('',*,*,#739,.F.);
#602=ORIENTED_EDGE('',*,*,#854,.T.);
#603=ORIENTED_EDGE('',*,*,#853,.T.);
#604=ORIENTED_EDGE('',*,*,#857,.F.);
#605=ORIENTED_EDGE('',*,*,#680,.T.);
#606=ORIENTED_EDGE('',*,*,#855,.T.);
#607=ORIENTED_EDGE('',*,*,#684,.T.);
#608=ORIENTED_EDGE('',*,*,#858,.F.);
#609=ORIENTED_EDGE('',*,*,#856,.T.);
#610=ORIENTED_EDGE('',*,*,#857,.T.);
#611=ORIENTED_EDGE('',*,*,#788,.F.);
#612=ORIENTED_EDGE('',*,*,#859,.F.);
#613=ORIENTED_EDGE('',*,*,#681,.F.);
#614=ORIENTED_EDGE('',*,*,#858,.T.);
#615=ORIENTED_EDGE('',*,*,#683,.F.);
#616=ORIENTED_EDGE('',*,*,#860,.F.);
#617=ORIENTED_EDGE('',*,*,#736,.F.);
#618=ORIENTED_EDGE('',*,*,#682,.T.);
#619=ORIENTED_EDGE('',*,*,#859,.T.);
#620=ORIENTED_EDGE('',*,*,#861,.F.);
#621=ORIENTED_EDGE('',*,*,#860,.T.);
#622=ORIENTED_EDGE('',*,*,#861,.T.);
#623=ORIENTED_EDGE('',*,*,#787,.F.);
#624=ORIENTED_EDGE('',*,*,#807,.F.);
#625=ORIENTED_EDGE('',*,*,#737,.F.);
#626=ORIENTED_EDGE('',*,*,#802,.F.);
#627=ORIENTED_EDGE('',*,*,#757,.F.);
#628=ORIENTED_EDGE('',*,*,#862,.F.);
#629=ORIENTED_EDGE('',*,*,#753,.F.);
#630=ORIENTED_EDGE('',*,*,#805,.F.);
#631=ORIENTED_EDGE('',*,*,#791,.F.);
#632=ORIENTED_EDGE('',*,*,#863,.F.);
#633=ORIENTED_EDGE('',*,*,#759,.F.);
#634=ORIENTED_EDGE('',*,*,#864,.F.);
#635=ORIENTED_EDGE('',*,*,#756,.F.);
#636=ORIENTED_EDGE('',*,*,#865,.F.);
#637=ORIENTED_EDGE('',*,*,#679,.F.);
#638=ORIENTED_EDGE('',*,*,#862,.T.);
#639=ORIENTED_EDGE('',*,*,#864,.T.);
#640=ORIENTED_EDGE('',*,*,#866,.F.);
#641=ORIENTED_EDGE('',*,*,#865,.T.);
#642=ORIENTED_EDGE('',*,*,#863,.T.);
#643=ORIENTED_EDGE('',*,*,#867,.F.);
#644=ORIENTED_EDGE('',*,*,#866,.T.);
#645=ORIENTED_EDGE('',*,*,#678,.F.);
#646=ORIENTED_EDGE('',*,*,#868,.F.);
#647=ORIENTED_EDGE('',*,*,#754,.F.);
#648=ORIENTED_EDGE('',*,*,#803,.F.);
#649=ORIENTED_EDGE('',*,*,#755,.F.);
#650=ORIENTED_EDGE('',*,*,#869,.F.);
#651=ORIENTED_EDGE('',*,*,#751,.F.);
#652=ORIENTED_EDGE('',*,*,#804,.F.);
#653=ORIENTED_EDGE('',*,*,#749,.F.);
#654=ORIENTED_EDGE('',*,*,#870,.F.);
#655=ORIENTED_EDGE('',*,*,#793,.F.);
#656=ORIENTED_EDGE('',*,*,#867,.T.);
#657=ORIENTED_EDGE('',*,*,#790,.F.);
#658=ORIENTED_EDGE('',*,*,#871,.F.);
#659=ORIENTED_EDGE('',*,*,#676,.F.);
#660=ORIENTED_EDGE('',*,*,#869,.T.);
#661=ORIENTED_EDGE('',*,*,#868,.T.);
#662=ORIENTED_EDGE('',*,*,#872,.F.);
#663=ORIENTED_EDGE('',*,*,#871,.T.);
#664=ORIENTED_EDGE('',*,*,#870,.T.);
#665=ORIENTED_EDGE('',*,*,#873,.F.);
#666=ORIENTED_EDGE('',*,*,#872,.T.);
#667=ORIENTED_EDGE('',*,*,#677,.F.);
#668=ORIENTED_EDGE('',*,*,#873,.T.);
#669=ORIENTED_EDGE('',*,*,#748,.F.);
#670=ORIENTED_EDGE('',*,*,#675,.T.);
#671=ORIENTED_EDGE('',*,*,#801,.F.);
#672=ORIENTED_EDGE('',*,*,#674,.T.);
#673=ORIENTED_EDGE('',*,*,#800,.F.);
#674=EDGE_CURVE('',#874,#874,#994,.T.);
#675=EDGE_CURVE('',#875,#875,#995,.T.);
#676=EDGE_CURVE('',#876,#877,#74,.T.);
#677=EDGE_CURVE('',#877,#878,#75,.F.);
#678=EDGE_CURVE('',#878,#879,#76,.F.);
#679=EDGE_CURVE('',#879,#876,#77,.T.);
#680=EDGE_CURVE('',#880,#881,#996,.T.);
#681=EDGE_CURVE('',#880,#882,#78,.F.);
#682=EDGE_CURVE('',#883,#882,#997,.T.);
#683=EDGE_CURVE('',#883,#884,#79,.F.);
#684=EDGE_CURVE('',#885,#884,#998,.T.);
#685=EDGE_CURVE('',#885,#886,#80,.T.);
#686=EDGE_CURVE('',#887,#886,#999,.T.);
#687=EDGE_CURVE('',#887,#881,#81,.T.);
#688=EDGE_CURVE('',#888,#889,#1000,.T.);
#689=EDGE_CURVE('',#888,#890,#82,.T.);
#690=EDGE_CURVE('',#891,#890,#1001,.T.);
#691=EDGE_CURVE('',#891,#892,#83,.F.);
#692=EDGE_CURVE('',#893,#892,#1002,.T.);
#693=EDGE_CURVE('',#893,#894,#84,.F.);
#694=EDGE_CURVE('',#895,#894,#1003,.T.);
#695=EDGE_CURVE('',#895,#889,#85,.T.);
#696=EDGE_CURVE('',#896,#897,#1004,.F.);
#697=EDGE_CURVE('',#897,#898,#86,.T.);
#698=EDGE_CURVE('',#898,#899,#1005,.F.);
#699=EDGE_CURVE('',#899,#900,#87,.T.);
#700=EDGE_CURVE('',#900,#901,#1006,.F.);
#701=EDGE_CURVE('',#901,#902,#88,.F.);
#702=EDGE_CURVE('',#902,#903,#1007,.F.);
#703=EDGE_CURVE('',#903,#896,#89,.F.);
#704=EDGE_CURVE('',#904,#905,#1008,.T.);
#705=EDGE_CURVE('',#904,#906,#90,.T.);
#706=EDGE_CURVE('',#907,#906,#1009,.T.);
#707=EDGE_CURVE('',#907,#908,#91,.F.);
#708=EDGE_CURVE('',#909,#908,#1010,.T.);
#709=EDGE_CURVE('',#909,#910,#92,.T.);
#710=EDGE_CURVE('',#911,#910,#1011,.T.);
#711=EDGE_CURVE('',#911,#905,#93,.T.);
#712=EDGE_CURVE('',#912,#913,#94,.T.);
#713=EDGE_CURVE('',#913,#914,#95,.F.);
#714=EDGE_CURVE('',#914,#915,#96,.F.);
#715=EDGE_CURVE('',#915,#912,#97,.T.);
#716=EDGE_CURVE('',#916,#917,#98,.T.);
#717=EDGE_CURVE('',#917,#918,#99,.F.);
#718=EDGE_CURVE('',#918,#919,#100,.F.);
#719=EDGE_CURVE('',#919,#916,#101,.T.);
#720=EDGE_CURVE('',#920,#921,#102,.T.);
#721=EDGE_CURVE('',#921,#922,#103,.F.);
#722=EDGE_CURVE('',#922,#923,#104,.F.);
#723=EDGE_CURVE('',#923,#920,#105,.T.);
#724=EDGE_CURVE('',#924,#925,#106,.T.);
#725=EDGE_CURVE('',#925,#926,#107,.F.);
#726=EDGE_CURVE('',#926,#927,#108,.F.);
#727=EDGE_CURVE('',#927,#924,#109,.T.);
#728=EDGE_CURVE('',#928,#929,#110,.T.);
#729=EDGE_CURVE('',#929,#930,#111,.F.);
#730=EDGE_CURVE('',#930,#931,#112,.F.);
#731=EDGE_CURVE('',#931,#928,#113,.T.);
#732=EDGE_CURVE('',#932,#933,#114,.T.);
#733=EDGE_CURVE('',#932,#934,#115,.F.);
#734=EDGE_CURVE('',#934,#935,#116,.T.);
#735=EDGE_CURVE('',#935,#933,#117,.T.);
#736=EDGE_CURVE('',#936,#937,#118,.T.);
#737=EDGE_CURVE('',#937,#938,#119,.T.);
#738=EDGE_CURVE('',#939,#938,#120,.T.);
#739=EDGE_CURVE('',#939,#936,#121,.F.);
#740=EDGE_CURVE('',#940,#941,#122,.F.);
#741=EDGE_CURVE('',#941,#942,#123,.T.);
#742=EDGE_CURVE('',#942,#943,#124,.T.);
#743=EDGE_CURVE('',#943,#940,#125,.F.);
#744=EDGE_CURVE('',#944,#945,#126,.F.);
#745=EDGE_CURVE('',#945,#946,#127,.T.);
#746=EDGE_CURVE('',#946,#947,#128,.T.);
#747=EDGE_CURVE('',#947,#944,#129,.F.);
#748=EDGE_CURVE('',#948,#949,#130,.T.);
#749=EDGE_CURVE('',#949,#950,#131,.T.);
#750=EDGE_CURVE('',#951,#950,#132,.T.);
#751=EDGE_CURVE('',#951,#948,#133,.F.);
#752=EDGE_CURVE('',#952,#953,#134,.T.);
#753=EDGE_CURVE('',#952,#954,#135,.F.);
#754=EDGE_CURVE('',#954,#955,#136,.T.);
#755=EDGE_CURVE('',#955,#953,#137,.T.);
#756=EDGE_CURVE('',#956,#957,#138,.F.);
#757=EDGE_CURVE('',#957,#958,#139,.T.);
#758=EDGE_CURVE('',#958,#959,#140,.T.);
#759=EDGE_CURVE('',#959,#956,#141,.F.);
#760=EDGE_CURVE('',#960,#961,#142,.T.);
#761=EDGE_CURVE('',#960,#962,#143,.T.);
#762=EDGE_CURVE('',#962,#963,#144,.T.);
#763=EDGE_CURVE('',#961,#963,#145,.T.);
#764=EDGE_CURVE('',#964,#965,#146,.T.);
#765=EDGE_CURVE('',#964,#960,#1012,.T.);
#766=EDGE_CURVE('',#965,#961,#1013,.T.);
#767=EDGE_CURVE('',#966,#967,#147,.T.);
#768=EDGE_CURVE('',#966,#964,#148,.F.);
#769=EDGE_CURVE('',#965,#967,#149,.T.);
#770=EDGE_CURVE('',#968,#969,#150,.T.);
#771=EDGE_CURVE('',#968,#966,#1014,.T.);
#772=EDGE_CURVE('',#969,#967,#1015,.T.);
#773=EDGE_CURVE('',#970,#971,#151,.T.);
#774=EDGE_CURVE('',#970,#968,#152,.F.);
#775=EDGE_CURVE('',#969,#971,#153,.T.);
#776=EDGE_CURVE('',#972,#973,#154,.T.);
#777=EDGE_CURVE('',#972,#970,#1016,.T.);
#778=EDGE_CURVE('',#973,#971,#1017,.T.);
#779=EDGE_CURVE('',#974,#975,#155,.T.);
#780=EDGE_CURVE('',#974,#972,#156,.T.);
#781=EDGE_CURVE('',#975,#973,#157,.T.);
#782=EDGE_CURVE('',#976,#977,#158,.T.);
#783=EDGE_CURVE('',#977,#978,#159,.T.);
#784=EDGE_CURVE('',#979,#978,#160,.T.);
#785=EDGE_CURVE('',#979,#976,#161,.F.);
#786=EDGE_CURVE('',#980,#981,#162,.T.);
#787=EDGE_CURVE('',#980,#982,#163,.F.);
#788=EDGE_CURVE('',#982,#983,#164,.T.);
#789=EDGE_CURVE('',#983,#981,#165,.T.);
#790=EDGE_CURVE('',#984,#985,#166,.F.);
#791=EDGE_CURVE('',#985,#986,#167,.T.);
#792=EDGE_CURVE('',#986,#987,#168,.T.);
#793=EDGE_CURVE('',#987,#984,#169,.F.);
#794=EDGE_CURVE('',#962,#974,#1018,.T.);
#795=EDGE_CURVE('',#963,#975,#1019,.T.);
#796=EDGE_CURVE('',#988,#989,#170,.T.);
#797=EDGE_CURVE('',#989,#990,#171,.T.);
#798=EDGE_CURVE('',#991,#990,#172,.T.);
#799=EDGE_CURVE('',#991,#988,#173,.F.);
#800=EDGE_CURVE('',#992,#992,#1020,.T.);
#801=EDGE_CURVE('',#993,#993,#1021,.T.);
#802=EDGE_CURVE('',#958,#952,#1022,.F.);
#803=EDGE_CURVE('',#953,#951,#1023,.F.);
#804=EDGE_CURVE('',#950,#987,#1024,.F.);
#805=EDGE_CURVE('',#986,#959,#1025,.F.);
#806=EDGE_CURVE('',#942,#939,#1026,.T.);
#807=EDGE_CURVE('',#938,#980,#1027,.T.);
#808=EDGE_CURVE('',#981,#947,#1028,.T.);
#809=EDGE_CURVE('',#946,#943,#1029,.T.);
#810=EDGE_CURVE('',#924,#979,#1030,.T.);
#811=EDGE_CURVE('',#978,#932,#1031,.T.);
#812=EDGE_CURVE('',#933,#929,#1032,.T.);
#813=EDGE_CURVE('',#928,#925,#1033,.T.);
#814=EDGE_CURVE('',#912,#991,#1034,.T.);
#815=EDGE_CURVE('',#990,#921,#1035,.T.);
#816=EDGE_CURVE('',#920,#917,#1036,.T.);
#817=EDGE_CURVE('',#916,#913,#1037,.T.);
#818=EDGE_CURVE('',#914,#919,#1038,.F.);
#819=EDGE_CURVE('',#914,#910,#1039,.F.);
#820=EDGE_CURVE('',#911,#919,#1040,.F.);
#821=EDGE_CURVE('',#918,#923,#1041,.F.);
#822=EDGE_CURVE('',#905,#918,#1042,.T.);
#823=EDGE_CURVE('',#915,#909,#1043,.T.);
#824=EDGE_CURVE('',#988,#915,#1044,.F.);
#825=EDGE_CURVE('',#904,#923,#1045,.F.);
#826=EDGE_CURVE('',#988,#908,#1046,.F.);
#827=EDGE_CURVE('',#906,#922,#1047,.T.);
#828=EDGE_CURVE('',#989,#907,#1048,.T.);
#829=EDGE_CURVE('',#989,#922,#1049,.T.);
#830=EDGE_CURVE('',#972,#901,#1050,.T.);
#831=EDGE_CURVE('',#902,#974,#1051,.T.);
#832=EDGE_CURVE('',#903,#962,#1052,.T.);
#833=EDGE_CURVE('',#970,#900,#1053,.T.);
#834=EDGE_CURVE('',#896,#960,#1054,.T.);
#835=EDGE_CURVE('',#968,#899,#1055,.T.);
#836=EDGE_CURVE('',#897,#964,#1056,.T.);
#837=EDGE_CURVE('',#966,#898,#1057,.T.);
#838=EDGE_CURVE('',#926,#931,#1058,.F.);
#839=EDGE_CURVE('',#926,#889,#1059,.F.);
#840=EDGE_CURVE('',#888,#931,#1060,.F.);
#841=EDGE_CURVE('',#930,#935,#1061,.F.);
#842=EDGE_CURVE('',#890,#930,#1062,.T.);
#843=EDGE_CURVE('',#927,#895,#1063,.T.);
#844=EDGE_CURVE('',#976,#927,#1064,.F.);
#845=EDGE_CURVE('',#891,#935,#1065,.F.);
#846=EDGE_CURVE('',#976,#894,#1066,.F.);
#847=EDGE_CURVE('',#892,#934,#1067,.T.);
#848=EDGE_CURVE('',#977,#893,#1068,.T.);
#849=EDGE_CURVE('',#977,#934,#1069,.T.);
#850=EDGE_CURVE('',#940,#945,#1070,.F.);
#851=EDGE_CURVE('',#940,#886,#1071,.F.);
#852=EDGE_CURVE('',#887,#945,#1072,.F.);
#853=EDGE_CURVE('',#944,#983,#1073,.F.);
#854=EDGE_CURVE('',#881,#944,#1074,.T.);
#855=EDGE_CURVE('',#941,#885,#1075,.T.);
#856=EDGE_CURVE('',#936,#941,#1076,.F.);
#857=EDGE_CURVE('',#880,#983,#1077,.F.);
#858=EDGE_CURVE('',#936,#884,#1078,.F.);
#859=EDGE_CURVE('',#882,#982,#1079,.T.);
#860=EDGE_CURVE('',#937,#883,#1080,.T.);
#861=EDGE_CURVE('',#937,#982,#1081,.T.);
#862=EDGE_CURVE('',#954,#957,#1082,.T.);
#863=EDGE_CURVE('',#956,#985,#1083,.T.);
#864=EDGE_CURVE('',#957,#879,#1084,.T.);
#865=EDGE_CURVE('',#876,#956,#1085,.T.);
#866=EDGE_CURVE('',#954,#879,#1086,.F.);
#867=EDGE_CURVE('',#876,#985,#1087,.F.);
#868=EDGE_CURVE('',#955,#878,#1088,.T.);
#869=EDGE_CURVE('',#948,#955,#1089,.T.);
#870=EDGE_CURVE('',#984,#949,#1090,.T.);
#871=EDGE_CURVE('',#877,#984,#1091,.T.);
#872=EDGE_CURVE('',#948,#878,#1092,.F.);
#873=EDGE_CURVE('',#877,#949,#1093,.F.);
#874=VERTEX_POINT('',#2066);
#875=VERTEX_POINT('',#2068);
#876=VERTEX_POINT('',#2070);
#877=VERTEX_POINT('',#2071);
#878=VERTEX_POINT('',#2073);
#879=VERTEX_POINT('',#2075);
#880=VERTEX_POINT('',#2078);
#881=VERTEX_POINT('',#2079);
#882=VERTEX_POINT('',#2081);
#883=VERTEX_POINT('',#2083);
#884=VERTEX_POINT('',#2085);
#885=VERTEX_POINT('',#2087);
#886=VERTEX_POINT('',#2089);
#887=VERTEX_POINT('',#2091);
#888=VERTEX_POINT('',#2094);
#889=VERTEX_POINT('',#2095);
#890=VERTEX_POINT('',#2097);
#891=VERTEX_POINT('',#2099);
#892=VERTEX_POINT('',#2101);
#893=VERTEX_POINT('',#2103);
#894=VERTEX_POINT('',#2105);
#895=VERTEX_POINT('',#2107);
#896=VERTEX_POINT('',#2110);
#897=VERTEX_POINT('',#2111);
#898=VERTEX_POINT('',#2113);
#899=VERTEX_POINT('',#2115);
#900=VERTEX_POINT('',#2117);
#901=VERTEX_POINT('',#2119);
#902=VERTEX_POINT('',#2121);
#903=VERTEX_POINT('',#2123);
#904=VERTEX_POINT('',#2126);
#905=VERTEX_POINT('',#2127);
#906=VERTEX_POINT('',#2129);
#907=VERTEX_POINT('',#2131);
#908=VERTEX_POINT('',#2133);
#909=VERTEX_POINT('',#2135);
#910=VERTEX_POINT('',#2137);
#911=VERTEX_POINT('',#2139);
#912=VERTEX_POINT('',#2143);
#913=VERTEX_POINT('',#2144);
#914=VERTEX_POINT('',#2146);
#915=VERTEX_POINT('',#2148);
#916=VERTEX_POINT('',#2152);
#917=VERTEX_POINT('',#2153);
#918=VERTEX_POINT('',#2155);
#919=VERTEX_POINT('',#2157);
#920=VERTEX_POINT('',#2161);
#921=VERTEX_POINT('',#2162);
#922=VERTEX_POINT('',#2164);
#923=VERTEX_POINT('',#2166);
#924=VERTEX_POINT('',#2170);
#925=VERTEX_POINT('',#2171);
#926=VERTEX_POINT('',#2173);
#927=VERTEX_POINT('',#2175);
#928=VERTEX_POINT('',#2179);
#929=VERTEX_POINT('',#2180);
#930=VERTEX_POINT('',#2182);
#931=VERTEX_POINT('',#2184);
#932=VERTEX_POINT('',#2188);
#933=VERTEX_POINT('',#2189);
#934=VERTEX_POINT('',#2191);
#935=VERTEX_POINT('',#2193);
#936=VERTEX_POINT('',#2197);
#937=VERTEX_POINT('',#2198);
#938=VERTEX_POINT('',#2200);
#939=VERTEX_POINT('',#2202);
#940=VERTEX_POINT('',#2206);
#941=VERTEX_POINT('',#2207);
#942=VERTEX_POINT('',#2209);
#943=VERTEX_POINT('',#2211);
#944=VERTEX_POINT('',#2215);
#945=VERTEX_POINT('',#2216);
#946=VERTEX_POINT('',#2218);
#947=VERTEX_POINT('',#2220);
#948=VERTEX_POINT('',#2224);
#949=VERTEX_POINT('',#2225);
#950=VERTEX_POINT('',#2227);
#951=VERTEX_POINT('',#2229);
#952=VERTEX_POINT('',#2233);
#953=VERTEX_POINT('',#2234);
#954=VERTEX_POINT('',#2236);
#955=VERTEX_POINT('',#2238);
#956=VERTEX_POINT('',#2242);
#957=VERTEX_POINT('',#2243);
#958=VERTEX_POINT('',#2245);
#959=VERTEX_POINT('',#2247);
#960=VERTEX_POINT('',#2251);
#961=VERTEX_POINT('',#2252);
#962=VERTEX_POINT('',#2254);
#963=VERTEX_POINT('',#2256);
#964=VERTEX_POINT('',#2260);
#965=VERTEX_POINT('',#2261);
#966=VERTEX_POINT('',#2266);
#967=VERTEX_POINT('',#2267);
#968=VERTEX_POINT('',#2272);
#969=VERTEX_POINT('',#2273);
#970=VERTEX_POINT('',#2278);
#971=VERTEX_POINT('',#2279);
#972=VERTEX_POINT('',#2284);
#973=VERTEX_POINT('',#2285);
#974=VERTEX_POINT('',#2290);
#975=VERTEX_POINT('',#2291);
#976=VERTEX_POINT('',#2296);
#977=VERTEX_POINT('',#2297);
#978=VERTEX_POINT('',#2299);
#979=VERTEX_POINT('',#2301);
#980=VERTEX_POINT('',#2305);
#981=VERTEX_POINT('',#2306);
#982=VERTEX_POINT('',#2308);
#983=VERTEX_POINT('',#2310);
#984=VERTEX_POINT('',#2314);
#985=VERTEX_POINT('',#2315);
#986=VERTEX_POINT('',#2317);
#987=VERTEX_POINT('',#2319);
#988=VERTEX_POINT('',#2326);
#989=VERTEX_POINT('',#2327);
#990=VERTEX_POINT('',#2329);
#991=VERTEX_POINT('',#2331);
#992=VERTEX_POINT('',#2335);
#993=VERTEX_POINT('',#2337);
#994=CIRCLE('',#1410,0.0016);
#995=CIRCLE('',#1411,0.0016);
#996=CIRCLE('',#1412,0.000965685424949238);
#997=CIRCLE('',#1413,0.000965685424949238);
#998=CIRCLE('',#1414,0.000965685424949238);
#999=CIRCLE('',#1415,0.000965685424949238);
#1000=CIRCLE('',#1416,0.002);
#1001=CIRCLE('',#1417,0.002);
#1002=CIRCLE('',#1418,0.002);
#1003=CIRCLE('',#1419,0.002);
#1004=CIRCLE('',#1420,0.006);
#1005=CIRCLE('',#1421,0.006);
#1006=CIRCLE('',#1422,0.006);
#1007=CIRCLE('',#1423,0.006);
#1008=CIRCLE('',#1424,0.002);
#1009=CIRCLE('',#1425,0.002);
#1010=CIRCLE('',#1426,0.002);
#1011=CIRCLE('',#1427,0.002);
#1012=CIRCLE('',#1442,0.005);
#1013=CIRCLE('',#1443,0.005);
#1014=CIRCLE('',#1446,0.005);
#1015=CIRCLE('',#1447,0.005);
#1016=CIRCLE('',#1450,0.005);
#1017=CIRCLE('',#1451,0.005);
#1018=CIRCLE('',#1457,0.005);
#1019=CIRCLE('',#1458,0.005);
#1020=CIRCLE('',#1461,0.0016);
#1021=CIRCLE('',#1462,0.0016);
#1022=CIRCLE('',#1463,0.0026556349186104);
#1023=CIRCLE('',#1464,0.0026556349186104);
#1024=CIRCLE('',#1465,0.0026556349186104);
#1025=CIRCLE('',#1466,0.0026556349186104);
#1026=CIRCLE('',#1467,0.000482842712474619);
#1027=CIRCLE('',#1468,0.000482842712474619);
#1028=CIRCLE('',#1469,0.000482842712474619);
#1029=CIRCLE('',#1470,0.000482842712474619);
#1030=CIRCLE('',#1471,0.001);
#1031=CIRCLE('',#1472,0.001);
#1032=CIRCLE('',#1473,0.001);
#1033=CIRCLE('',#1474,0.001);
#1034=CIRCLE('',#1475,0.001);
#1035=CIRCLE('',#1476,0.001);
#1036=CIRCLE('',#1477,0.001);
#1037=CIRCLE('',#1478,0.001);
#1038=CIRCLE('',#1480,0.001);
#1039=CIRCLE('',#1482,0.001);
#1040=CIRCLE('',#1483,0.001);
#1041=CIRCLE('',#1485,0.001);
#1042=CIRCLE('',#1487,0.001);
#1043=CIRCLE('',#1489,0.001);
#1044=CIRCLE('',#1491,0.001);
#1045=CIRCLE('',#1493,0.001);
#1046=CIRCLE('',#1495,0.001);
#1047=CIRCLE('',#1497,0.001);
#1048=CIRCLE('',#1499,0.001);
#1049=CIRCLE('',#1501,0.001);
#1050=CIRCLE('',#1504,0.001);
#1051=CIRCLE('',#1505,0.001);
#1052=CIRCLE('',#1507,0.001);
#1053=CIRCLE('',#1509,0.001);
#1054=CIRCLE('',#1511,0.001);
#1055=CIRCLE('',#1513,0.001);
#1056=CIRCLE('',#1515,0.001);
#1057=CIRCLE('',#1517,0.001);
#1058=CIRCLE('',#1520,0.001);
#1059=CIRCLE('',#1522,0.001);
#1060=CIRCLE('',#1523,0.001);
#1061=CIRCLE('',#1525,0.001);
#1062=CIRCLE('',#1527,0.001);
#1063=CIRCLE('',#1529,0.001);
#1064=CIRCLE('',#1531,0.001);
#1065=CIRCLE('',#1533,0.001);
#1066=CIRCLE('',#1535,0.001);
#1067=CIRCLE('',#1537,0.001);
#1068=CIRCLE('',#1539,0.001);
#1069=CIRCLE('',#1541,0.001);
#1070=CIRCLE('',#1544,0.000482842712474619);
#1071=CIRCLE('',#1546,0.000482842712474619);
#1072=CIRCLE('',#1547,0.000482842712474619);
#1073=CIRCLE('',#1549,0.000482842712474619);
#1074=CIRCLE('',#1551,0.000482842712474619);
#1075=CIRCLE('',#1553,0.000482842712474619);
#1076=CIRCLE('',#1555,0.000482842712474619);
#1077=CIRCLE('',#1557,0.000482842712474619);
#1078=CIRCLE('',#1559,0.000482842712474619);
#1079=CIRCLE('',#1561,0.000482842712474619);
#1080=CIRCLE('',#1563,0.000482842712474619);
#1081=CIRCLE('',#1565,0.000482842712474619);
#1082=CIRCLE('',#1568,0.0026556349186104);
#1083=CIRCLE('',#1570,0.0026556349186104);
#1084=CIRCLE('',#1572,0.0026556349186104);
#1085=CIRCLE('',#1573,0.0026556349186104);
#1086=CIRCLE('',#1575,0.0026556349186104);
#1087=CIRCLE('',#1577,0.0026556349186104);
#1088=CIRCLE('',#1579,0.0026556349186104);
#1089=CIRCLE('',#1581,0.0026556349186104);
#1090=CIRCLE('',#1583,0.0026556349186104);
#1091=CIRCLE('',#1585,0.0026556349186104);
#1092=CIRCLE('',#1587,0.0026556349186104);
#1093=CIRCLE('',#1589,0.0026556349186104);
#1094=EDGE_LOOP('',(#274));
#1095=EDGE_LOOP('',(#275));
#1096=EDGE_LOOP('',(#276,#277,#278,#279));
#1097=EDGE_LOOP('',(#280,#281,#282,#283,#284,#285,#286,#287));
#1098=EDGE_LOOP('',(#288,#289,#290,#291,#292,#293,#294,#295));
#1099=EDGE_LOOP('',(#296,#297,#298,#299,#300,#301,#302,#303));
#1100=EDGE_LOOP('',(#304,#305,#306,#307,#308,#309,#310,#311));
#1101=EDGE_LOOP('',(#312,#313,#314,#315));
#1102=EDGE_LOOP('',(#316,#317,#318,#319));
#1103=EDGE_LOOP('',(#320,#321,#322,#323));
#1104=EDGE_LOOP('',(#324,#325,#326,#327));
#1105=EDGE_LOOP('',(#328,#329,#330,#331));
#1106=EDGE_LOOP('',(#332,#333,#334,#335));
#1107=EDGE_LOOP('',(#336,#337,#338,#339));
#1108=EDGE_LOOP('',(#340,#341,#342,#343));
#1109=EDGE_LOOP('',(#344,#345,#346,#347));
#1110=EDGE_LOOP('',(#348,#349,#350,#351));
#1111=EDGE_LOOP('',(#352,#353,#354,#355));
#1112=EDGE_LOOP('',(#356,#357,#358,#359));
#1113=EDGE_LOOP('',(#360,#361,#362,#363));
#1114=EDGE_LOOP('',(#364,#365,#366,#367));
#1115=EDGE_LOOP('',(#368,#369,#370,#371));
#1116=EDGE_LOOP('',(#372,#373,#374,#375));
#1117=EDGE_LOOP('',(#376,#377,#378,#379));
#1118=EDGE_LOOP('',(#380,#381,#382,#383));
#1119=EDGE_LOOP('',(#384,#385,#386,#387));
#1120=EDGE_LOOP('',(#388,#389,#390,#391));
#1121=EDGE_LOOP('',(#392,#393,#394,#395));
#1122=EDGE_LOOP('',(#396,#397,#398,#399));
#1123=EDGE_LOOP('',(#400,#401,#402,#403));
#1124=EDGE_LOOP('',(#404,#405,#406,#407));
#1125=EDGE_LOOP('',(#408));
#1126=EDGE_LOOP('',(#409));
#1127=EDGE_LOOP('',(#410,#411,#412,#413,#414,#415,#416,#417));
#1128=EDGE_LOOP('',(#418,#419,#420,#421,#422,#423,#424,#425));
#1129=EDGE_LOOP('',(#426,#427,#428,#429,#430,#431,#432,#433));
#1130=EDGE_LOOP('',(#434,#435,#436,#437,#438,#439,#440,#441));
#1131=EDGE_LOOP('',(#442,#443,#444,#445,#446,#447,#448,#449));
#1132=EDGE_LOOP('',(#450,#451,#452,#453));
#1133=EDGE_LOOP('',(#454,#455,#456,#457));
#1134=EDGE_LOOP('',(#458,#459,#460,#461));
#1135=EDGE_LOOP('',(#462,#463,#464,#465));
#1136=EDGE_LOOP('',(#466,#467,#468,#469));
#1137=EDGE_LOOP('',(#470,#471,#472,#473));
#1138=EDGE_LOOP('',(#474,#475,#476,#477));
#1139=EDGE_LOOP('',(#478,#479,#480,#481));
#1140=EDGE_LOOP('',(#482,#483,#484,#485));
#1141=EDGE_LOOP('',(#486,#487,#488,#489));
#1142=EDGE_LOOP('',(#490,#491,#492,#493));
#1143=EDGE_LOOP('',(#494,#495,#496,#497));
#1144=EDGE_LOOP('',(#498,#499,#500,#501));
#1145=EDGE_LOOP('',(#502,#503,#504,#505));
#1146=EDGE_LOOP('',(#506,#507,#508,#509));
#1147=EDGE_LOOP('',(#510,#511,#512,#513));
#1148=EDGE_LOOP('',(#514,#515,#516,#517));
#1149=EDGE_LOOP('',(#518,#519,#520,#521));
#1150=EDGE_LOOP('',(#522,#523,#524,#525));
#1151=EDGE_LOOP('',(#526,#527,#528,#529));
#1152=EDGE_LOOP('',(#530,#531,#532,#533));
#1153=EDGE_LOOP('',(#534,#535,#536,#537));
#1154=EDGE_LOOP('',(#538,#539,#540,#541));
#1155=EDGE_LOOP('',(#542,#543,#544,#545));
#1156=EDGE_LOOP('',(#546,#547,#548,#549));
#1157=EDGE_LOOP('',(#550,#551,#552,#553));
#1158=EDGE_LOOP('',(#554,#555,#556,#557));
#1159=EDGE_LOOP('',(#558,#559,#560,#561));
#1160=EDGE_LOOP('',(#562,#563,#564,#565));
#1161=EDGE_LOOP('',(#566,#567,#568,#569));
#1162=EDGE_LOOP('',(#570,#571,#572,#573));
#1163=EDGE_LOOP('',(#574,#575,#576,#577));
#1164=EDGE_LOOP('',(#578,#579,#580,#581));
#1165=EDGE_LOOP('',(#582,#583,#584,#585));
#1166=EDGE_LOOP('',(#586,#587,#588,#589));
#1167=EDGE_LOOP('',(#590,#591,#592,#593));
#1168=EDGE_LOOP('',(#594,#595,#596,#597));
#1169=EDGE_LOOP('',(#598,#599,#600,#601));
#1170=EDGE_LOOP('',(#602,#603,#604,#605));
#1171=EDGE_LOOP('',(#606,#607,#608,#609));
#1172=EDGE_LOOP('',(#610,#611,#612,#613));
#1173=EDGE_LOOP('',(#614,#615,#616,#617));
#1174=EDGE_LOOP('',(#618,#619,#620,#621));
#1175=EDGE_LOOP('',(#622,#623,#624,#625));
#1176=EDGE_LOOP('',(#626,#627,#628,#629));
#1177=EDGE_LOOP('',(#630,#631,#632,#633));
#1178=EDGE_LOOP('',(#634,#635,#636,#637));
#1179=EDGE_LOOP('',(#638,#639,#640));
#1180=EDGE_LOOP('',(#641,#642,#643));
#1181=EDGE_LOOP('',(#644,#645,#646,#647));
#1182=EDGE_LOOP('',(#648,#649,#650,#651));
#1183=EDGE_LOOP('',(#652,#653,#654,#655));
#1184=EDGE_LOOP('',(#656,#657,#658,#659));
#1185=EDGE_LOOP('',(#660,#661,#662));
#1186=EDGE_LOOP('',(#663,#664,#665));
#1187=EDGE_LOOP('',(#666,#667,#668,#669));
#1188=EDGE_LOOP('',(#670));
#1189=EDGE_LOOP('',(#671));
#1190=EDGE_LOOP('',(#672));
#1191=EDGE_LOOP('',(#673));
#1192=FACE_BOUND('',#1094,.T.);
#1193=FACE_BOUND('',#1095,.T.);
#1194=FACE_BOUND('',#1096,.T.);
#1195=FACE_BOUND('',#1097,.T.);
#1196=FACE_BOUND('',#1098,.T.);
#1197=FACE_BOUND('',#1099,.T.);
#1198=FACE_BOUND('',#1100,.T.);
#1199=FACE_BOUND('',#1101,.T.);
#1200=FACE_BOUND('',#1102,.T.);
#1201=FACE_BOUND('',#1103,.T.);
#1202=FACE_BOUND('',#1104,.T.);
#1203=FACE_BOUND('',#1105,.T.);
#1204=FACE_BOUND('',#1106,.T.);
#1205=FACE_BOUND('',#1107,.T.);
#1206=FACE_BOUND('',#1108,.T.);
#1207=FACE_BOUND('',#1109,.T.);
#1208=FACE_BOUND('',#1110,.T.);
#1209=FACE_BOUND('',#1111,.T.);
#1210=FACE_BOUND('',#1112,.T.);
#1211=FACE_BOUND('',#1113,.T.);
#1212=FACE_BOUND('',#1114,.T.);
#1213=FACE_BOUND('',#1115,.T.);
#1214=FACE_BOUND('',#1116,.T.);
#1215=FACE_BOUND('',#1117,.T.);
#1216=FACE_BOUND('',#1118,.T.);
#1217=FACE_BOUND('',#1119,.T.);
#1218=FACE_BOUND('',#1120,.T.);
#1219=FACE_BOUND('',#1121,.T.);
#1220=FACE_BOUND('',#1122,.T.);
#1221=FACE_BOUND('',#1123,.T.);
#1222=FACE_BOUND('',#1124,.T.);
#1223=FACE_BOUND('',#1125,.T.);
#1224=FACE_BOUND('',#1126,.T.);
#1225=FACE_BOUND('',#1127,.T.);
#1226=FACE_BOUND('',#1128,.T.);
#1227=FACE_BOUND('',#1129,.T.);
#1228=FACE_BOUND('',#1130,.T.);
#1229=FACE_BOUND('',#1131,.T.);
#1230=FACE_BOUND('',#1132,.T.);
#1231=FACE_BOUND('',#1133,.T.);
#1232=FACE_BOUND('',#1134,.T.);
#1233=FACE_BOUND('',#1135,.T.);
#1234=FACE_BOUND('',#1136,.T.);
#1235=FACE_BOUND('',#1137,.T.);
#1236=FACE_BOUND('',#1138,.T.);
#1237=FACE_BOUND('',#1139,.T.);
#1238=FACE_BOUND('',#1140,.T.);
#1239=FACE_BOUND('',#1141,.T.);
#1240=FACE_BOUND('',#1142,.T.);
#1241=FACE_BOUND('',#1143,.T.);
#1242=FACE_BOUND('',#1144,.T.);
#1243=FACE_BOUND('',#1145,.T.);
#1244=FACE_BOUND('',#1146,.T.);
#1245=FACE_BOUND('',#1147,.T.);
#1246=FACE_BOUND('',#1148,.T.);
#1247=FACE_BOUND('',#1149,.T.);
#1248=FACE_BOUND('',#1150,.T.);
#1249=FACE_BOUND('',#1151,.T.);
#1250=FACE_BOUND('',#1152,.T.);
#1251=FACE_BOUND('',#1153,.T.);
#1252=FACE_BOUND('',#1154,.T.);
#1253=FACE_BOUND('',#1155,.T.);
#1254=FACE_BOUND('',#1156,.T.);
#1255=FACE_BOUND('',#1157,.T.);
#1256=FACE_BOUND('',#1158,.T.);
#1257=FACE_BOUND('',#1159,.T.);
#1258=FACE_BOUND('',#1160,.T.);
#1259=FACE_BOUND('',#1161,.T.);
#1260=FACE_BOUND('',#1162,.T.);
#1261=FACE_BOUND('',#1163,.T.);
#1262=FACE_BOUND('',#1164,.T.);
#1263=FACE_BOUND('',#1165,.T.);
#1264=FACE_BOUND('',#1166,.T.);
#1265=FACE_BOUND('',#1167,.T.);
#1266=FACE_BOUND('',#1168,.T.);
#1267=FACE_BOUND('',#1169,.T.);
#1268=FACE_BOUND('',#1170,.T.);
#1269=FACE_BOUND('',#1171,.T.);
#1270=FACE_BOUND('',#1172,.T.);
#1271=FACE_BOUND('',#1173,.T.);
#1272=FACE_BOUND('',#1174,.T.);
#1273=FACE_BOUND('',#1175,.T.);
#1274=FACE_BOUND('',#1176,.T.);
#1275=FACE_BOUND('',#1177,.T.);
#1276=FACE_BOUND('',#1178,.T.);
#1277=FACE_BOUND('',#1179,.T.);
#1278=FACE_BOUND('',#1180,.T.);
#1279=FACE_BOUND('',#1181,.T.);
#1280=FACE_BOUND('',#1182,.T.);
#1281=FACE_BOUND('',#1183,.T.);
#1282=FACE_BOUND('',#1184,.T.);
#1283=FACE_BOUND('',#1185,.T.);
#1284=FACE_BOUND('',#1186,.T.);
#1285=FACE_BOUND('',#1187,.T.);
#1286=FACE_BOUND('',#1188,.T.);
#1287=FACE_BOUND('',#1189,.T.);
#1288=FACE_BOUND('',#1190,.T.);
#1289=FACE_BOUND('',#1191,.T.);
#1290=PLANE('',#1409);
#1291=PLANE('',#1428);
#1292=PLANE('',#1429);
#1293=PLANE('',#1430);
#1294=PLANE('',#1431);
#1295=PLANE('',#1432);
#1296=PLANE('',#1433);
#1297=PLANE('',#1434);
#1298=PLANE('',#1435);
#1299=PLANE('',#1436);
#1300=PLANE('',#1437);
#1301=PLANE('',#1438);
#1302=PLANE('',#1439);
#1303=PLANE('',#1440);
#1304=PLANE('',#1444);
#1305=PLANE('',#1448);
#1306=PLANE('',#1452);
#1307=PLANE('',#1453);
#1308=PLANE('',#1454);
#1309=PLANE('',#1455);
#1310=PLANE('',#1459);
#1311=PLANE('',#1460);
#1312=ADVANCED_FACE('',(#1192,#1193,#1194,#1195,#1196,#1197,#1198),#1290,
 .T.);
#1313=ADVANCED_FACE('',(#1199),#1291,.F.);
#1314=ADVANCED_FACE('',(#1200),#1292,.F.);
#1315=ADVANCED_FACE('',(#1201),#1293,.F.);
#1316=ADVANCED_FACE('',(#1202),#1294,.F.);
#1317=ADVANCED_FACE('',(#1203),#1295,.F.);
#1318=ADVANCED_FACE('',(#1204),#1296,.T.);
#1319=ADVANCED_FACE('',(#1205),#1297,.T.);
#1320=ADVANCED_FACE('',(#1206),#1298,.F.);
#1321=ADVANCED_FACE('',(#1207),#1299,.F.);
#1322=ADVANCED_FACE('',(#1208),#1300,.T.);
#1323=ADVANCED_FACE('',(#1209),#1301,.T.);
#1324=ADVANCED_FACE('',(#1210),#1302,.F.);
#1325=ADVANCED_FACE('',(#1211),#1303,.T.);
#1326=ADVANCED_FACE('',(#1212),#32,.F.);
#1327=ADVANCED_FACE('',(#1213),#1304,.F.);
#1328=ADVANCED_FACE('',(#1214),#33,.F.);
#1329=ADVANCED_FACE('',(#1215),#1305,.F.);
#1330=ADVANCED_FACE('',(#1216),#34,.F.);
#1331=ADVANCED_FACE('',(#1217),#1306,.T.);
#1332=ADVANCED_FACE('',(#1218),#1307,.T.);
#1333=ADVANCED_FACE('',(#1219),#1308,.T.);
#1334=ADVANCED_FACE('',(#1220),#1309,.F.);
#1335=ADVANCED_FACE('',(#1221),#35,.F.);
#1336=ADVANCED_FACE('',(#1222),#1310,.T.);
#1337=ADVANCED_FACE('',(#1223,#1224,#1225,#1226,#1227,#1228,#1229),#1311,
 .F.);
#1338=ADVANCED_FACE('',(#1230),#36,.F.);
#1339=ADVANCED_FACE('',(#1231),#16,.T.);
#1340=ADVANCED_FACE('',(#1232),#37,.F.);
#1341=ADVANCED_FACE('',(#1233),#38,.T.);
#1342=ADVANCED_FACE('',(#1234),#39,.T.);
#1343=ADVANCED_FACE('',(#1235),#40,.F.);
#1344=ADVANCED_FACE('',(#1236),#17,.T.);
#1345=ADVANCED_FACE('',(#1237),#18,.T.);
#1346=ADVANCED_FACE('',(#1238),#41,.T.);
#1347=ADVANCED_FACE('',(#1239),#42,.T.);
#1348=ADVANCED_FACE('',(#1240),#19,.T.);
#1349=ADVANCED_FACE('',(#1241),#43,.F.);
#1350=ADVANCED_FACE('',(#1242),#44,.T.);
#1351=ADVANCED_FACE('',(#1243),#20,.T.);
#1352=ADVANCED_FACE('',(#1244),#21,.T.);
#1353=ADVANCED_FACE('',(#1245),#45,.T.);
#1354=ADVANCED_FACE('',(#1246),#46,.T.);
#1355=ADVANCED_FACE('',(#1247),#22,.T.);
#1356=ADVANCED_FACE('',(#1248),#23,.T.);
#1357=ADVANCED_FACE('',(#1249),#47,.T.);
#1358=ADVANCED_FACE('',(#1250),#48,.F.);
#1359=ADVANCED_FACE('',(#1251),#24,.T.);
#1360=ADVANCED_FACE('',(#1252),#49,.F.);
#1361=ADVANCED_FACE('',(#1253),#50,.T.);
#1362=ADVANCED_FACE('',(#1254),#51,.T.);
#1363=ADVANCED_FACE('',(#1255),#52,.F.);
#1364=ADVANCED_FACE('',(#1256),#25,.T.);
#1365=ADVANCED_FACE('',(#1257),#26,.T.);
#1366=ADVANCED_FACE('',(#1258),#53,.T.);
#1367=ADVANCED_FACE('',(#1259),#54,.T.);
#1368=ADVANCED_FACE('',(#1260),#27,.T.);
#1369=ADVANCED_FACE('',(#1261),#55,.F.);
#1370=ADVANCED_FACE('',(#1262),#56,.F.);
#1371=ADVANCED_FACE('',(#1263),#28,.T.);
#1372=ADVANCED_FACE('',(#1264),#57,.F.);
#1373=ADVANCED_FACE('',(#1265),#58,.T.);
#1374=ADVANCED_FACE('',(#1266),#59,.T.);
#1375=ADVANCED_FACE('',(#1267),#60,.F.);
#1376=ADVANCED_FACE('',(#1268),#29,.T.);
#1377=ADVANCED_FACE('',(#1269),#30,.T.);
#1378=ADVANCED_FACE('',(#1270),#61,.T.);
#1379=ADVANCED_FACE('',(#1271),#62,.T.);
#1380=ADVANCED_FACE('',(#1272),#31,.T.);
#1381=ADVANCED_FACE('',(#1273),#63,.F.);
#1382=ADVANCED_FACE('',(#1274),#64,.T.);
#1383=ADVANCED_FACE('',(#1275),#65,.T.);
#1384=ADVANCED_FACE('',(#1276),#66,.T.);
#1385=ADVANCED_FACE('',(#1277),#12,.T.);
#1386=ADVANCED_FACE('',(#1278),#13,.T.);
#1387=ADVANCED_FACE('',(#1279),#67,.T.);
#1388=ADVANCED_FACE('',(#1280),#68,.T.);
#1389=ADVANCED_FACE('',(#1281),#69,.T.);
#1390=ADVANCED_FACE('',(#1282),#70,.T.);
#1391=ADVANCED_FACE('',(#1283),#14,.T.);
#1392=ADVANCED_FACE('',(#1284),#15,.T.);
#1393=ADVANCED_FACE('',(#1285),#71,.T.);
#1394=ADVANCED_FACE('',(#1286,#1287),#72,.F.);
#1395=ADVANCED_FACE('',(#1288,#1289),#73,.F.);
#1396=CLOSED_SHELL('',(#1312,#1313,#1314,#1315,#1316,#1317,#1318,#1319,
#1320,#1321,#1322,#1323,#1324,#1325,#1326,#1327,#1328,#1329,#1330,#1331,
#1332,#1333,#1334,#1335,#1336,#1337,#1338,#1339,#1340,#1341,#1342,#1343,
#1344,#1345,#1346,#1347,#1348,#1349,#1350,#1351,#1352,#1353,#1354,#1355,
#1356,#1357,#1358,#1359,#1360,#1361,#1362,#1363,#1364,#1365,#1366,#1367,
#1368,#1369,#1370,#1371,#1372,#1373,#1374,#1375,#1376,#1377,#1378,#1379,
#1380,#1381,#1382,#1383,#1384,#1385,#1386,#1387,#1388,#1389,#1390,#1391,
#1392,#1393,#1394,#1395));
#1397=STYLED_ITEM('',(#1398),#1405);
#1398=PRESENTATION_STYLE_ASSIGNMENT((#1399));
#1399=SURFACE_STYLE_USAGE(.BOTH.,#1400);
#1400=SURFACE_SIDE_STYLE('',(#1401));
#1401=SURFACE_STYLE_FILL_AREA(#1402);
#1402=FILL_AREA_STYLE('',(#1403));
#1403=FILL_AREA_STYLE_COLOUR('',#1404);
#1404=COLOUR_RGB('',0.917647058823529,0.917647058823529,0.917647058823529);
#1405=MANIFOLD_SOLID_BREP('Part 1',#1396);
#1406=SHAPE_DEFINITION_REPRESENTATION(#2474,#1407);
#1407=SHAPE_REPRESENTATION('Part 1',(#1408),#2469);
#1408=AXIS2_PLACEMENT_3D('',#2063,#1593,#1594);
#1409=AXIS2_PLACEMENT_3D('',#2064,#1595,#1596);
#1410=AXIS2_PLACEMENT_3D('',#2065,#1597,#1598);
#1411=AXIS2_PLACEMENT_3D('',#2067,#1599,#1600);
#1412=AXIS2_PLACEMENT_3D('',#2077,#1605,#1606);
#1413=AXIS2_PLACEMENT_3D('',#2082,#1608,#1609);
#1414=AXIS2_PLACEMENT_3D('',#2086,#1611,#1612);
#1415=AXIS2_PLACEMENT_3D('',#2090,#1614,#1615);
#1416=AXIS2_PLACEMENT_3D('',#2093,#1617,#1618);
#1417=AXIS2_PLACEMENT_3D('',#2098,#1620,#1621);
#1418=AXIS2_PLACEMENT_3D('',#2102,#1623,#1624);
#1419=AXIS2_PLACEMENT_3D('',#2106,#1626,#1627);
#1420=AXIS2_PLACEMENT_3D('',#2109,#1629,#1630);
#1421=AXIS2_PLACEMENT_3D('',#2114,#1632,#1633);
#1422=AXIS2_PLACEMENT_3D('',#2118,#1635,#1636);
#1423=AXIS2_PLACEMENT_3D('',#2122,#1638,#1639);
#1424=AXIS2_PLACEMENT_3D('',#2125,#1641,#1642);
#1425=AXIS2_PLACEMENT_3D('',#2130,#1644,#1645);
#1426=AXIS2_PLACEMENT_3D('',#2134,#1647,#1648);
#1427=AXIS2_PLACEMENT_3D('',#2138,#1650,#1651);
#1428=AXIS2_PLACEMENT_3D('',#2141,#1653,#1654);
#1429=AXIS2_PLACEMENT_3D('',#2150,#1659,#1660);
#1430=AXIS2_PLACEMENT_3D('',#2159,#1665,#1666);
#1431=AXIS2_PLACEMENT_3D('',#2168,#1671,#1672);
#1432=AXIS2_PLACEMENT_3D('',#2177,#1677,#1678);
#1433=AXIS2_PLACEMENT_3D('',#2186,#1683,#1684);
#1434=AXIS2_PLACEMENT_3D('',#2195,#1689,#1690);
#1435=AXIS2_PLACEMENT_3D('',#2204,#1695,#1696);
#1436=AXIS2_PLACEMENT_3D('',#2213,#1701,#1702);
#1437=AXIS2_PLACEMENT_3D('',#2222,#1707,#1708);
#1438=AXIS2_PLACEMENT_3D('',#2231,#1713,#1714);
#1439=AXIS2_PLACEMENT_3D('',#2240,#1719,#1720);
#1440=AXIS2_PLACEMENT_3D('',#2249,#1725,#1726);
#1441=AXIS2_PLACEMENT_3D('',#2258,#1731,#1732);
#1442=AXIS2_PLACEMENT_3D('',#2262,#1734,#1735);
#1443=AXIS2_PLACEMENT_3D('',#2263,#1736,#1737);
#1444=AXIS2_PLACEMENT_3D('',#2264,#1738,#1739);
#1445=AXIS2_PLACEMENT_3D('',#2270,#1743,#1744);
#1446=AXIS2_PLACEMENT_3D('',#2274,#1746,#1747);
#1447=AXIS2_PLACEMENT_3D('',#2275,#1748,#1749);
#1448=AXIS2_PLACEMENT_3D('',#2276,#1750,#1751);
#1449=AXIS2_PLACEMENT_3D('',#2282,#1755,#1756);
#1450=AXIS2_PLACEMENT_3D('',#2286,#1758,#1759);
#1451=AXIS2_PLACEMENT_3D('',#2287,#1760,#1761);
#1452=AXIS2_PLACEMENT_3D('',#2288,#1762,#1763);
#1453=AXIS2_PLACEMENT_3D('',#2294,#1767,#1768);
#1454=AXIS2_PLACEMENT_3D('',#2303,#1773,#1774);
#1455=AXIS2_PLACEMENT_3D('',#2312,#1779,#1780);
#1456=AXIS2_PLACEMENT_3D('',#2321,#1785,#1786);
#1457=AXIS2_PLACEMENT_3D('',#2322,#1787,#1788);
#1458=AXIS2_PLACEMENT_3D('',#2323,#1789,#1790);
#1459=AXIS2_PLACEMENT_3D('',#2324,#1791,#1792);
#1460=AXIS2_PLACEMENT_3D('',#2333,#1797,#1798);
#1461=AXIS2_PLACEMENT_3D('',#2334,#1799,#1800);
#1462=AXIS2_PLACEMENT_3D('',#2336,#1801,#1802);
#1463=AXIS2_PLACEMENT_3D('',#2338,#1803,#1804);
#1464=AXIS2_PLACEMENT_3D('',#2339,#1805,#1806);
#1465=AXIS2_PLACEMENT_3D('',#2340,#1807,#1808);
#1466=AXIS2_PLACEMENT_3D('',#2341,#1809,#1810);
#1467=AXIS2_PLACEMENT_3D('',#2342,#1811,#1812);
#1468=AXIS2_PLACEMENT_3D('',#2343,#1813,#1814);
#1469=AXIS2_PLACEMENT_3D('',#2344,#1815,#1816);
#1470=AXIS2_PLACEMENT_3D('',#2345,#1817,#1818);
#1471=AXIS2_PLACEMENT_3D('',#2346,#1819,#1820);
#1472=AXIS2_PLACEMENT_3D('',#2347,#1821,#1822);
#1473=AXIS2_PLACEMENT_3D('',#2348,#1823,#1824);
#1474=AXIS2_PLACEMENT_3D('',#2349,#1825,#1826);
#1475=AXIS2_PLACEMENT_3D('',#2350,#1827,#1828);
#1476=AXIS2_PLACEMENT_3D('',#2351,#1829,#1830);
#1477=AXIS2_PLACEMENT_3D('',#2352,#1831,#1832);
#1478=AXIS2_PLACEMENT_3D('',#2353,#1833,#1834);
#1479=AXIS2_PLACEMENT_3D('',#2354,#1835,#1836);
#1480=AXIS2_PLACEMENT_3D('',#2355,#1837,#1838);
#1481=AXIS2_PLACEMENT_3D('',#2356,#1839,#1840);
#1482=AXIS2_PLACEMENT_3D('',#2357,#1841,#1842);
#1483=AXIS2_PLACEMENT_3D('',#2358,#1843,#1844);
#1484=AXIS2_PLACEMENT_3D('',#2359,#1845,#1846);
#1485=AXIS2_PLACEMENT_3D('',#2360,#1847,#1848);
#1486=AXIS2_PLACEMENT_3D('',#2361,#1849,#1850);
#1487=AXIS2_PLACEMENT_3D('',#2362,#1851,#1852);
#1488=AXIS2_PLACEMENT_3D('',#2363,#1853,#1854);
#1489=AXIS2_PLACEMENT_3D('',#2364,#1855,#1856);
#1490=AXIS2_PLACEMENT_3D('',#2365,#1857,#1858);
#1491=AXIS2_PLACEMENT_3D('',#2366,#1859,#1860);
#1492=AXIS2_PLACEMENT_3D('',#2367,#1861,#1862);
#1493=AXIS2_PLACEMENT_3D('',#2368,#1863,#1864);
#1494=AXIS2_PLACEMENT_3D('',#2369,#1865,#1866);
#1495=AXIS2_PLACEMENT_3D('',#2370,#1867,#1868);
#1496=AXIS2_PLACEMENT_3D('',#2371,#1869,#1870);
#1497=AXIS2_PLACEMENT_3D('',#2372,#1871,#1872);
#1498=AXIS2_PLACEMENT_3D('',#2373,#1873,#1874);
#1499=AXIS2_PLACEMENT_3D('',#2374,#1875,#1876);
#1500=AXIS2_PLACEMENT_3D('',#2375,#1877,#1878);
#1501=AXIS2_PLACEMENT_3D('',#2376,#1879,#1880);
#1502=AXIS2_PLACEMENT_3D('',#2377,#1881,#1882);
#1503=AXIS2_PLACEMENT_3D('',#2378,#1883,#1884);
#1504=AXIS2_PLACEMENT_3D('',#2379,#1885,#1886);
#1505=AXIS2_PLACEMENT_3D('',#2380,#1887,#1888);
#1506=AXIS2_PLACEMENT_3D('',#2381,#1889,#1890);
#1507=AXIS2_PLACEMENT_3D('',#2382,#1891,#1892);
#1508=AXIS2_PLACEMENT_3D('',#2383,#1893,#1894);
#1509=AXIS2_PLACEMENT_3D('',#2384,#1895,#1896);
#1510=AXIS2_PLACEMENT_3D('',#2385,#1897,#1898);
#1511=AXIS2_PLACEMENT_3D('',#2386,#1899,#1900);
#1512=AXIS2_PLACEMENT_3D('',#2387,#1901,#1902);
#1513=AXIS2_PLACEMENT_3D('',#2388,#1903,#1904);
#1514=AXIS2_PLACEMENT_3D('',#2389,#1905,#1906);
#1515=AXIS2_PLACEMENT_3D('',#2390,#1907,#1908);
#1516=AXIS2_PLACEMENT_3D('',#2391,#1909,#1910);
#1517=AXIS2_PLACEMENT_3D('',#2392,#1911,#1912);
#1518=AXIS2_PLACEMENT_3D('',#2393,#1913,#1914);
#1519=AXIS2_PLACEMENT_3D('',#2394,#1915,#1916);
#1520=AXIS2_PLACEMENT_3D('',#2395,#1917,#1918);
#1521=AXIS2_PLACEMENT_3D('',#2396,#1919,#1920);
#1522=AXIS2_PLACEMENT_3D('',#2397,#1921,#1922);
#1523=AXIS2_PLACEMENT_3D('',#2398,#1923,#1924);
#1524=AXIS2_PLACEMENT_3D('',#2399,#1925,#1926);
#1525=AXIS2_PLACEMENT_3D('',#2400,#1927,#1928);
#1526=AXIS2_PLACEMENT_3D('',#2401,#1929,#1930);
#1527=AXIS2_PLACEMENT_3D('',#2402,#1931,#1932);
#1528=AXIS2_PLACEMENT_3D('',#2403,#1933,#1934);
#1529=AXIS2_PLACEMENT_3D('',#2404,#1935,#1936);
#1530=AXIS2_PLACEMENT_3D('',#2405,#1937,#1938);
#1531=AXIS2_PLACEMENT_3D('',#2406,#1939,#1940);
#1532=AXIS2_PLACEMENT_3D('',#2407,#1941,#1942);
#1533=AXIS2_PLACEMENT_3D('',#2408,#1943,#1944);
#1534=AXIS2_PLACEMENT_3D('',#2409,#1945,#1946);
#1535=AXIS2_PLACEMENT_3D('',#2410,#1947,#1948);
#1536=AXIS2_PLACEMENT_3D('',#2411,#1949,#1950);
#1537=AXIS2_PLACEMENT_3D('',#2412,#1951,#1952);
#1538=AXIS2_PLACEMENT_3D('',#2413,#1953,#1954);
#1539=AXIS2_PLACEMENT_3D('',#2414,#1955,#1956);
#1540=AXIS2_PLACEMENT_3D('',#2415,#1957,#1958);
#1541=AXIS2_PLACEMENT_3D('',#2416,#1959,#1960);
#1542=AXIS2_PLACEMENT_3D('',#2417,#1961,#1962);
#1543=AXIS2_PLACEMENT_3D('',#2418,#1963,#1964);
#1544=AXIS2_PLACEMENT_3D('',#2419,#1965,#1966);
#1545=AXIS2_PLACEMENT_3D('',#2420,#1967,#1968);
#1546=AXIS2_PLACEMENT_3D('',#2421,#1969,#1970);
#1547=AXIS2_PLACEMENT_3D('',#2422,#1971,#1972);
#1548=AXIS2_PLACEMENT_3D('',#2423,#1973,#1974);
#1549=AXIS2_PLACEMENT_3D('',#2424,#1975,#1976);
#1550=AXIS2_PLACEMENT_3D('',#2425,#1977,#1978);
#1551=AXIS2_PLACEMENT_3D('',#2426,#1979,#1980);
#1552=AXIS2_PLACEMENT_3D('',#2427,#1981,#1982);
#1553=AXIS2_PLACEMENT_3D('',#2428,#1983,#1984);
#1554=AXIS2_PLACEMENT_3D('',#2429,#1985,#1986);
#1555=AXIS2_PLACEMENT_3D('',#2430,#1987,#1988);
#1556=AXIS2_PLACEMENT_3D('',#2431,#1989,#1990);
#1557=AXIS2_PLACEMENT_3D('',#2432,#1991,#1992);
#1558=AXIS2_PLACEMENT_3D('',#2433,#1993,#1994);
#1559=AXIS2_PLACEMENT_3D('',#2434,#1995,#1996);
#1560=AXIS2_PLACEMENT_3D('',#2435,#1997,#1998);
#1561=AXIS2_PLACEMENT_3D('',#2436,#1999,#2000);
#1562=AXIS2_PLACEMENT_3D('',#2437,#2001,#2002);
#1563=AXIS2_PLACEMENT_3D('',#2438,#2003,#2004);
#1564=AXIS2_PLACEMENT_3D('',#2439,#2005,#2006);
#1565=AXIS2_PLACEMENT_3D('',#2440,#2007,#2008);
#1566=AXIS2_PLACEMENT_3D('',#2441,#2009,#2010);
#1567=AXIS2_PLACEMENT_3D('',#2442,#2011,#2012);
#1568=AXIS2_PLACEMENT_3D('',#2443,#2013,#2014);
#1569=AXIS2_PLACEMENT_3D('',#2444,#2015,#2016);
#1570=AXIS2_PLACEMENT_3D('',#2445,#2017,#2018);
#1571=AXIS2_PLACEMENT_3D('',#2446,#2019,#2020);
#1572=AXIS2_PLACEMENT_3D('',#2447,#2021,#2022);
#1573=AXIS2_PLACEMENT_3D('',#2448,#2023,#2024);
#1574=AXIS2_PLACEMENT_3D('',#2449,#2025,#2026);
#1575=AXIS2_PLACEMENT_3D('',#2450,#2027,#2028);
#1576=AXIS2_PLACEMENT_3D('',#2451,#2029,#2030);
#1577=AXIS2_PLACEMENT_3D('',#2452,#2031,#2032);
#1578=AXIS2_PLACEMENT_3D('',#2453,#2033,#2034);
#1579=AXIS2_PLACEMENT_3D('',#2454,#2035,#2036);
#1580=AXIS2_PLACEMENT_3D('',#2455,#2037,#2038);
#1581=AXIS2_PLACEMENT_3D('',#2456,#2039,#2040);
#1582=AXIS2_PLACEMENT_3D('',#2457,#2041,#2042);
#1583=AXIS2_PLACEMENT_3D('',#2458,#2043,#2044);
#1584=AXIS2_PLACEMENT_3D('',#2459,#2045,#2046);
#1585=AXIS2_PLACEMENT_3D('',#2460,#2047,#2048);
#1586=AXIS2_PLACEMENT_3D('',#2461,#2049,#2050);
#1587=AXIS2_PLACEMENT_3D('',#2462,#2051,#2052);
#1588=AXIS2_PLACEMENT_3D('',#2463,#2053,#2054);
#1589=AXIS2_PLACEMENT_3D('',#2464,#2055,#2056);
#1590=AXIS2_PLACEMENT_3D('',#2465,#2057,#2058);
#1591=AXIS2_PLACEMENT_3D('',#2466,#2059,#2060);
#1592=AXIS2_PLACEMENT_3D('',#2467,#2061,#2062);
#1593=DIRECTION('',(0.,0.,1.));
#1594=DIRECTION('',(1.,0.,0.));
#1595=DIRECTION('',(0.,0.,1.));
#1596=DIRECTION('',(1.,0.,0.));
#1597=DIRECTION('',(0.,0.,1.));
#1598=DIRECTION('',(1.,0.,0.));
#1599=DIRECTION('',(0.,0.,1.));
#1600=DIRECTION('',(1.,0.,0.));
#1601=DIRECTION('',(1.86379100292968E-16,-1.,0.));
#1602=DIRECTION('',(-1.,0.,0.));
#1603=DIRECTION('',(1.86379100292968E-16,-1.,0.));
#1604=DIRECTION('',(-1.,0.,0.));
#1605=DIRECTION('',(0.,0.,1.));
#1606=DIRECTION('',(1.,0.,0.));
#1607=DIRECTION('',(1.,0.,0.));
#1608=DIRECTION('',(0.,0.,1.));
#1609=DIRECTION('',(1.,0.,0.));
#1610=DIRECTION('',(0.,-1.,0.));
#1611=DIRECTION('',(0.,0.,1.));
#1612=DIRECTION('',(1.,0.,0.));
#1613=DIRECTION('',(1.,0.,0.));
#1614=DIRECTION('',(0.,0.,1.));
#1615=DIRECTION('',(1.,0.,0.));
#1616=DIRECTION('',(6.93889390390723E-17,-1.,0.));
#1617=DIRECTION('',(0.,0.,1.));
#1618=DIRECTION('',(1.,0.,0.));
#1619=DIRECTION('',(0.,-1.,0.));
#1620=DIRECTION('',(0.,0.,1.));
#1621=DIRECTION('',(1.,0.,0.));
#1622=DIRECTION('',(1.,0.,0.));
#1623=DIRECTION('',(0.,0.,1.));
#1624=DIRECTION('',(1.,0.,0.));
#1625=DIRECTION('',(0.,-1.,0.));
#1626=DIRECTION('',(0.,0.,1.));
#1627=DIRECTION('',(1.,0.,0.));
#1628=DIRECTION('',(1.,0.,0.));
#1629=DIRECTION('',(0.,0.,1.));
#1630=DIRECTION('',(1.,0.,0.));
#1631=DIRECTION('',(2.22186804479898E-16,-1.,0.));
#1632=DIRECTION('',(0.,0.,1.));
#1633=DIRECTION('',(1.,0.,0.));
#1634=DIRECTION('',(-1.,0.,0.));
#1635=DIRECTION('',(0.,0.,1.));
#1636=DIRECTION('',(1.,0.,0.));
#1637=DIRECTION('',(0.,-1.,0.));
#1638=DIRECTION('',(0.,0.,1.));
#1639=DIRECTION('',(1.,0.,0.));
#1640=DIRECTION('',(-1.,0.,0.));
#1641=DIRECTION('',(0.,0.,1.));
#1642=DIRECTION('',(1.,0.,0.));
#1643=DIRECTION('',(-1.,0.,0.));
#1644=DIRECTION('',(0.,0.,1.));
#1645=DIRECTION('',(1.,0.,0.));
#1646=DIRECTION('',(0.,-1.,0.));
#1647=DIRECTION('',(0.,0.,1.));
#1648=DIRECTION('',(1.,0.,0.));
#1649=DIRECTION('',(1.,0.,0.));
#1650=DIRECTION('',(0.,0.,1.));
#1651=DIRECTION('',(1.,0.,0.));
#1652=DIRECTION('',(6.11601225504643E-17,-1.,0.));
#1653=DIRECTION('',(0.,1.,0.));
#1654=DIRECTION('',(0.,0.,1.));
#1655=DIRECTION('',(1.,0.,0.));
#1656=DIRECTION('',(0.,0.,-1.));
#1657=DIRECTION('',(1.,0.,0.));
#1658=DIRECTION('',(0.,0.,-1.));
#1659=DIRECTION('',(1.,6.11601225504643E-17,0.));
#1660=DIRECTION('',(-6.11601225504643E-17,1.,0.));
#1661=DIRECTION('',(6.11601225504643E-17,-1.,0.));
#1662=DIRECTION('',(0.,0.,-1.));
#1663=DIRECTION('',(6.11601225504643E-17,-1.,0.));
#1664=DIRECTION('',(0.,0.,-1.));
#1665=DIRECTION('',(0.,-1.,0.));
#1666=DIRECTION('',(0.,0.,-1.));
#1667=DIRECTION('',(-1.,0.,0.));
#1668=DIRECTION('',(0.,0.,-1.));
#1669=DIRECTION('',(-1.,0.,0.));
#1670=DIRECTION('',(0.,0.,-1.));
#1671=DIRECTION('',(0.,1.,0.));
#1672=DIRECTION('',(0.,0.,1.));
#1673=DIRECTION('',(1.,0.,0.));
#1674=DIRECTION('',(0.,0.,-1.));
#1675=DIRECTION('',(1.,0.,0.));
#1676=DIRECTION('',(0.,0.,-1.));
#1677=DIRECTION('',(1.,0.,0.));
#1678=DIRECTION('',(0.,0.,-1.));
#1679=DIRECTION('',(0.,-1.,0.));
#1680=DIRECTION('',(0.,0.,-1.));
#1681=DIRECTION('',(0.,-1.,0.));
#1682=DIRECTION('',(0.,0.,-1.));
#1683=DIRECTION('',(0.,1.,0.));
#1684=DIRECTION('',(0.,0.,1.));
#1685=DIRECTION('',(1.,0.,0.));
#1686=DIRECTION('',(0.,0.,-1.));
#1687=DIRECTION('',(1.,0.,0.));
#1688=DIRECTION('',(0.,0.,-1.));
#1689=DIRECTION('',(1.,0.,0.));
#1690=DIRECTION('',(0.,0.,-1.));
#1691=DIRECTION('',(0.,-1.,0.));
#1692=DIRECTION('',(0.,0.,-1.));
#1693=DIRECTION('',(0.,-1.,0.));
#1694=DIRECTION('',(0.,0.,-1.));
#1695=DIRECTION('',(0.,1.,0.));
#1696=DIRECTION('',(0.,0.,1.));
#1697=DIRECTION('',(1.,0.,0.));
#1698=DIRECTION('',(0.,0.,-1.));
#1699=DIRECTION('',(1.,0.,0.));
#1700=DIRECTION('',(0.,0.,-1.));
#1701=DIRECTION('',(1.,6.93889390390723E-17,0.));
#1702=DIRECTION('',(-6.93889390390723E-17,1.,0.));
#1703=DIRECTION('',(6.93889390390723E-17,-1.,0.));
#1704=DIRECTION('',(0.,0.,-1.));
#1705=DIRECTION('',(6.93889390390723E-17,-1.,0.));
#1706=DIRECTION('',(0.,0.,-1.));
#1707=DIRECTION('',(0.,-1.,0.));
#1708=DIRECTION('',(0.,0.,-1.));
#1709=DIRECTION('',(-1.,0.,0.));
#1710=DIRECTION('',(0.,0.,-1.));
#1711=DIRECTION('',(-1.,0.,0.));
#1712=DIRECTION('',(0.,0.,-1.));
#1713=DIRECTION('',(1.,1.86379100292968E-16,0.));
#1714=DIRECTION('',(-1.86379100292968E-16,1.,0.));
#1715=DIRECTION('',(1.86379100292968E-16,-1.,0.));
#1716=DIRECTION('',(0.,0.,-1.));
#1717=DIRECTION('',(1.86379100292968E-16,-1.,0.));
#1718=DIRECTION('',(0.,0.,-1.));
#1719=DIRECTION('',(0.,-1.,0.));
#1720=DIRECTION('',(0.,0.,-1.));
#1721=DIRECTION('',(-1.,0.,0.));
#1722=DIRECTION('',(0.,0.,-1.));
#1723=DIRECTION('',(-1.,0.,0.));
#1724=DIRECTION('',(0.,0.,-1.));
#1725=DIRECTION('',(0.,-1.,0.));
#1726=DIRECTION('',(0.,0.,-1.));
#1727=DIRECTION('',(0.,0.,-1.));
#1728=DIRECTION('',(-1.,0.,0.));
#1729=DIRECTION('',(0.,0.,-1.));
#1730=DIRECTION('',(-1.,0.,0.));
#1731=DIRECTION('',(0.,0.,-1.));
#1732=DIRECTION('',(-1.,0.,0.));
#1733=DIRECTION('',(0.,0.,-1.));
#1734=DIRECTION('',(0.,0.,1.));
#1735=DIRECTION('',(1.,0.,0.));
#1736=DIRECTION('',(0.,0.,1.));
#1737=DIRECTION('',(1.,0.,0.));
#1738=DIRECTION('',(1.,2.22186804479898E-16,0.));
#1739=DIRECTION('',(-2.22186804479898E-16,1.,0.));
#1740=DIRECTION('',(0.,0.,-1.));
#1741=DIRECTION('',(2.22186804479898E-16,-1.,0.));
#1742=DIRECTION('',(2.22186804479898E-16,-1.,0.));
#1743=DIRECTION('',(0.,0.,-1.));
#1744=DIRECTION('',(-1.,0.,0.));
#1745=DIRECTION('',(0.,0.,-1.));
#1746=DIRECTION('',(0.,0.,1.));
#1747=DIRECTION('',(1.,0.,0.));
#1748=DIRECTION('',(0.,0.,1.));
#1749=DIRECTION('',(1.,0.,0.));
#1750=DIRECTION('',(0.,-1.,0.));
#1751=DIRECTION('',(0.,0.,-1.));
#1752=DIRECTION('',(0.,0.,-1.));
#1753=DIRECTION('',(-1.,0.,0.));
#1754=DIRECTION('',(-1.,0.,0.));
#1755=DIRECTION('',(0.,0.,-1.));
#1756=DIRECTION('',(-1.,0.,0.));
#1757=DIRECTION('',(0.,0.,-1.));
#1758=DIRECTION('',(0.,0.,1.));
#1759=DIRECTION('',(1.,0.,0.));
#1760=DIRECTION('',(0.,0.,1.));
#1761=DIRECTION('',(1.,0.,0.));
#1762=DIRECTION('',(1.,0.,0.));
#1763=DIRECTION('',(0.,0.,-1.));
#1764=DIRECTION('',(0.,0.,-1.));
#1765=DIRECTION('',(0.,-1.,0.));
#1766=DIRECTION('',(0.,-1.,0.));
#1767=DIRECTION('',(1.,0.,0.));
#1768=DIRECTION('',(0.,0.,-1.));
#1769=DIRECTION('',(0.,-1.,0.));
#1770=DIRECTION('',(0.,0.,-1.));
#1771=DIRECTION('',(0.,-1.,0.));
#1772=DIRECTION('',(0.,0.,-1.));
#1773=DIRECTION('',(0.,1.,0.));
#1774=DIRECTION('',(0.,0.,1.));
#1775=DIRECTION('',(1.,0.,0.));
#1776=DIRECTION('',(0.,0.,-1.));
#1777=DIRECTION('',(1.,0.,0.));
#1778=DIRECTION('',(0.,0.,-1.));
#1779=DIRECTION('',(1.,1.86379100292968E-16,0.));
#1780=DIRECTION('',(-1.86379100292968E-16,1.,0.));
#1781=DIRECTION('',(1.86379100292968E-16,-1.,0.));
#1782=DIRECTION('',(0.,0.,-1.));
#1783=DIRECTION('',(1.86379100292968E-16,-1.,0.));
#1784=DIRECTION('',(0.,0.,-1.));
#1785=DIRECTION('',(0.,0.,-1.));
#1786=DIRECTION('',(-1.,0.,0.));
#1787=DIRECTION('',(0.,0.,1.));
#1788=DIRECTION('',(1.,0.,0.));
#1789=DIRECTION('',(0.,0.,1.));
#1790=DIRECTION('',(1.,0.,0.));
#1791=DIRECTION('',(1.,0.,0.));
#1792=DIRECTION('',(0.,0.,-1.));
#1793=DIRECTION('',(0.,-1.,0.));
#1794=DIRECTION('',(0.,0.,-1.));
#1795=DIRECTION('',(0.,-1.,0.));
#1796=DIRECTION('',(0.,0.,-1.));
#1797=DIRECTION('',(0.,0.,1.));
#1798=DIRECTION('',(1.,0.,0.));
#1799=DIRECTION('',(0.,0.,1.));
#1800=DIRECTION('',(1.,0.,0.));
#1801=DIRECTION('',(0.,0.,1.));
#1802=DIRECTION('',(1.,0.,0.));
#1803=DIRECTION('',(0.,0.,1.));
#1804=DIRECTION('',(1.,0.,0.));
#1805=DIRECTION('',(0.,0.,1.));
#1806=DIRECTION('',(1.,0.,0.));
#1807=DIRECTION('',(0.,0.,1.));
#1808=DIRECTION('',(1.,0.,0.));
#1809=DIRECTION('',(0.,0.,1.));
#1810=DIRECTION('',(1.,0.,0.));
#1811=DIRECTION('',(0.,0.,1.));
#1812=DIRECTION('',(1.,0.,0.));
#1813=DIRECTION('',(0.,0.,1.));
#1814=DIRECTION('',(1.,0.,0.));
#1815=DIRECTION('',(0.,0.,1.));
#1816=DIRECTION('',(1.,0.,0.));
#1817=DIRECTION('',(0.,0.,1.));
#1818=DIRECTION('',(1.,0.,0.));
#1819=DIRECTION('',(0.,0.,1.));
#1820=DIRECTION('',(1.,0.,0.));
#1821=DIRECTION('',(0.,0.,1.));
#1822=DIRECTION('',(1.,0.,0.));
#1823=DIRECTION('',(0.,0.,1.));
#1824=DIRECTION('',(1.,0.,0.));
#1825=DIRECTION('',(0.,0.,1.));
#1826=DIRECTION('',(1.,0.,0.));
#1827=DIRECTION('',(0.,0.,1.));
#1828=DIRECTION('',(1.,0.,0.));
#1829=DIRECTION('',(0.,0.,1.));
#1830=DIRECTION('',(1.,0.,0.));
#1831=DIRECTION('',(0.,0.,1.));
#1832=DIRECTION('',(1.,0.,0.));
#1833=DIRECTION('',(0.,0.,1.));
#1834=DIRECTION('',(1.,0.,0.));
#1835=DIRECTION('',(0.,0.,1.));
#1836=DIRECTION('',(1.,0.,0.));
#1837=DIRECTION('',(0.,0.,1.));
#1838=DIRECTION('',(1.,0.,0.));
#1839=DIRECTION('',(0.,0.,1.));
#1840=DIRECTION('',(1.,0.,0.));
#1841=DIRECTION('',(1.,0.,0.));
#1842=DIRECTION('',(0.,0.,-1.));
#1843=DIRECTION('',(0.,1.,0.));
#1844=DIRECTION('',(0.,0.,1.));
#1845=DIRECTION('',(0.,0.,1.));
#1846=DIRECTION('',(1.,0.,0.));
#1847=DIRECTION('',(0.,0.,1.));
#1848=DIRECTION('',(1.,0.,0.));
#1849=DIRECTION('',(-6.11601225504643E-17,1.,0.));
#1850=DIRECTION('',(-1.,-6.11601225504643E-17,0.));
#1851=DIRECTION('',(0.,-1.,0.));
#1852=DIRECTION('',(0.,0.,-1.));
#1853=DIRECTION('',(-1.,0.,0.));
#1854=DIRECTION('',(0.,0.,1.));
#1855=DIRECTION('',(-1.,0.,0.));
#1856=DIRECTION('',(0.,0.,1.));
#1857=DIRECTION('',(0.,0.,-1.));
#1858=DIRECTION('',(-1.,0.,0.));
#1859=DIRECTION('',(0.,0.,1.));
#1860=DIRECTION('',(1.,0.,0.));
#1861=DIRECTION('',(0.,0.,1.));
#1862=DIRECTION('',(1.,0.,0.));
#1863=DIRECTION('',(1.,0.,0.));
#1864=DIRECTION('',(0.,0.,-1.));
#1865=DIRECTION('',(0.,0.,1.));
#1866=DIRECTION('',(1.,0.,0.));
#1867=DIRECTION('',(0.,1.,0.));
#1868=DIRECTION('',(0.,0.,1.));
#1869=DIRECTION('',(1.,0.,0.));
#1870=DIRECTION('',(0.,0.,-1.));
#1871=DIRECTION('',(-1.,0.,0.));
#1872=DIRECTION('',(0.,0.,1.));
#1873=DIRECTION('',(0.,-1.,0.));
#1874=DIRECTION('',(0.,0.,-1.));
#1875=DIRECTION('',(0.,-1.,0.));
#1876=DIRECTION('',(0.,0.,-1.));
#1877=DIRECTION('',(0.,0.,1.));
#1878=DIRECTION('',(1.,0.,0.));
#1879=DIRECTION('',(0.,0.,1.));
#1880=DIRECTION('',(1.,0.,0.));
#1881=DIRECTION('',(0.,0.,-1.));
#1882=DIRECTION('',(-1.,0.,0.));
#1883=DIRECTION('',(0.,-1.,0.));
#1884=DIRECTION('',(0.,0.,-1.));
#1885=DIRECTION('',(0.,-1.,0.));
#1886=DIRECTION('',(0.,0.,-1.));
#1887=DIRECTION('',(0.,1.,0.));
#1888=DIRECTION('',(0.,0.,1.));
#1889=DIRECTION('',(0.,0.,1.));
#1890=DIRECTION('',(1.,0.,0.));
#1891=DIRECTION('',(1.,0.,0.));
#1892=DIRECTION('',(0.,0.,-1.));
#1893=DIRECTION('',(0.,0.,1.));
#1894=DIRECTION('',(1.,0.,0.));
#1895=DIRECTION('',(1.,0.,0.));
#1896=DIRECTION('',(0.,0.,-1.));
#1897=DIRECTION('',(-1.,0.,0.));
#1898=DIRECTION('',(0.,0.,1.));
#1899=DIRECTION('',(1.,0.,0.));
#1900=DIRECTION('',(0.,0.,-1.));
#1901=DIRECTION('',(1.,0.,0.));
#1902=DIRECTION('',(0.,0.,-1.));
#1903=DIRECTION('',(1.,0.,0.));
#1904=DIRECTION('',(0.,0.,-1.));
#1905=DIRECTION('',(0.,0.,1.));
#1906=DIRECTION('',(1.,0.,0.));
#1907=DIRECTION('',(0.,-1.,0.));
#1908=DIRECTION('',(0.,0.,-1.));
#1909=DIRECTION('',(0.,0.,1.));
#1910=DIRECTION('',(1.,0.,0.));
#1911=DIRECTION('',(0.,1.,0.));
#1912=DIRECTION('',(0.,0.,1.));
#1913=DIRECTION('',(-2.22186804479898E-16,1.,0.));
#1914=DIRECTION('',(-1.,-2.22186804479898E-16,0.));
#1915=DIRECTION('',(0.,0.,1.));
#1916=DIRECTION('',(1.,0.,0.));
#1917=DIRECTION('',(0.,0.,1.));
#1918=DIRECTION('',(1.,0.,0.));
#1919=DIRECTION('',(0.,0.,1.));
#1920=DIRECTION('',(1.,0.,0.));
#1921=DIRECTION('',(1.,0.,0.));
#1922=DIRECTION('',(0.,0.,-1.));
#1923=DIRECTION('',(0.,1.,0.));
#1924=DIRECTION('',(0.,0.,1.));
#1925=DIRECTION('',(0.,0.,-1.));
#1926=DIRECTION('',(-1.,0.,0.));
#1927=DIRECTION('',(0.,0.,1.));
#1928=DIRECTION('',(1.,0.,0.));
#1929=DIRECTION('',(0.,1.,0.));
#1930=DIRECTION('',(0.,0.,1.));
#1931=DIRECTION('',(0.,-1.,0.));
#1932=DIRECTION('',(0.,0.,-1.));
#1933=DIRECTION('',(-1.,0.,0.));
#1934=DIRECTION('',(0.,0.,1.));
#1935=DIRECTION('',(-1.,0.,0.));
#1936=DIRECTION('',(0.,0.,1.));
#1937=DIRECTION('',(0.,0.,-1.));
#1938=DIRECTION('',(-1.,0.,0.));
#1939=DIRECTION('',(0.,0.,1.));
#1940=DIRECTION('',(1.,0.,0.));
#1941=DIRECTION('',(0.,0.,1.));
#1942=DIRECTION('',(1.,0.,0.));
#1943=DIRECTION('',(1.,0.,0.));
#1944=DIRECTION('',(0.,0.,-1.));
#1945=DIRECTION('',(0.,0.,1.));
#1946=DIRECTION('',(1.,0.,0.));
#1947=DIRECTION('',(0.,1.,0.));
#1948=DIRECTION('',(0.,0.,1.));
#1949=DIRECTION('',(1.,0.,0.));
#1950=DIRECTION('',(0.,0.,-1.));
#1951=DIRECTION('',(-1.,0.,0.));
#1952=DIRECTION('',(0.,0.,1.));
#1953=DIRECTION('',(0.,-1.,0.));
#1954=DIRECTION('',(0.,0.,-1.));
#1955=DIRECTION('',(0.,-1.,0.));
#1956=DIRECTION('',(0.,0.,-1.));
#1957=DIRECTION('',(0.,0.,1.));
#1958=DIRECTION('',(1.,0.,0.));
#1959=DIRECTION('',(0.,0.,1.));
#1960=DIRECTION('',(1.,0.,0.));
#1961=DIRECTION('',(0.,0.,1.));
#1962=DIRECTION('',(1.,0.,0.));
#1963=DIRECTION('',(0.,0.,1.));
#1964=DIRECTION('',(1.,0.,0.));
#1965=DIRECTION('',(0.,0.,1.));
#1966=DIRECTION('',(1.,0.,0.));
#1967=DIRECTION('',(0.,0.,1.));
#1968=DIRECTION('',(1.,0.,0.));
#1969=DIRECTION('',(1.,0.,0.));
#1970=DIRECTION('',(0.,0.,-1.));
#1971=DIRECTION('',(0.,1.,0.));
#1972=DIRECTION('',(0.,0.,1.));
#1973=DIRECTION('',(0.,0.,-1.));
#1974=DIRECTION('',(-1.,0.,0.));
#1975=DIRECTION('',(0.,0.,1.));
#1976=DIRECTION('',(1.,0.,0.));
#1977=DIRECTION('',(-6.93889390390723E-17,1.,0.));
#1978=DIRECTION('',(-1.,-6.93889390390723E-17,0.));
#1979=DIRECTION('',(0.,-1.,0.));
#1980=DIRECTION('',(0.,0.,-1.));
#1981=DIRECTION('',(-1.,0.,0.));
#1982=DIRECTION('',(0.,0.,1.));
#1983=DIRECTION('',(-1.,0.,0.));
#1984=DIRECTION('',(0.,0.,1.));
#1985=DIRECTION('',(0.,0.,-1.));
#1986=DIRECTION('',(-1.,0.,0.));
#1987=DIRECTION('',(0.,0.,1.));
#1988=DIRECTION('',(1.,0.,0.));
#1989=DIRECTION('',(0.,0.,1.));
#1990=DIRECTION('',(1.,0.,0.));
#1991=DIRECTION('',(1.,0.,0.));
#1992=DIRECTION('',(0.,0.,-1.));
#1993=DIRECTION('',(0.,0.,1.));
#1994=DIRECTION('',(1.,0.,0.));
#1995=DIRECTION('',(0.,1.,0.));
#1996=DIRECTION('',(0.,0.,1.));
#1997=DIRECTION('',(1.,0.,0.));
#1998=DIRECTION('',(0.,0.,-1.));
#1999=DIRECTION('',(-1.,0.,0.));
#2000=DIRECTION('',(0.,0.,1.));
#2001=DIRECTION('',(0.,-1.,0.));
#2002=DIRECTION('',(0.,0.,-1.));
#2003=DIRECTION('',(0.,-1.,0.));
#2004=DIRECTION('',(0.,0.,-1.));
#2005=DIRECTION('',(0.,0.,1.));
#2006=DIRECTION('',(1.,0.,0.));
#2007=DIRECTION('',(0.,0.,1.));
#2008=DIRECTION('',(1.,0.,0.));
#2009=DIRECTION('',(0.,0.,1.));
#2010=DIRECTION('',(1.,0.,0.));
#2011=DIRECTION('',(0.,0.,1.));
#2012=DIRECTION('',(1.,0.,0.));
#2013=DIRECTION('',(0.,0.,1.));
#2014=DIRECTION('',(1.,0.,0.));
#2015=DIRECTION('',(0.,0.,-1.));
#2016=DIRECTION('',(-1.,0.,0.));
#2017=DIRECTION('',(0.,0.,1.));
#2018=DIRECTION('',(1.,0.,0.));
#2019=DIRECTION('',(1.,0.,0.));
#2020=DIRECTION('',(0.,0.,-1.));
#2021=DIRECTION('',(1.,0.,0.));
#2022=DIRECTION('',(0.,0.,-1.));
#2023=DIRECTION('',(-1.,0.,0.));
#2024=DIRECTION('',(0.,0.,1.));
#2025=DIRECTION('',(0.,1.,0.));
#2026=DIRECTION('',(0.,0.,1.));
#2027=DIRECTION('',(0.,1.,0.));
#2028=DIRECTION('',(0.,0.,1.));
#2029=DIRECTION('',(0.,1.,0.));
#2030=DIRECTION('',(0.,0.,1.));
#2031=DIRECTION('',(0.,1.,0.));
#2032=DIRECTION('',(0.,0.,1.));
#2033=DIRECTION('',(1.86379100292968E-16,-1.,0.));
#2034=DIRECTION('',(1.,1.86379100292968E-16,0.));
#2035=DIRECTION('',(0.,-1.,0.));
#2036=DIRECTION('',(0.,0.,-1.));
#2037=DIRECTION('',(0.,0.,-1.));
#2038=DIRECTION('',(-1.,0.,0.));
#2039=DIRECTION('',(0.,0.,1.));
#2040=DIRECTION('',(1.,0.,0.));
#2041=DIRECTION('',(0.,0.,1.));
#2042=DIRECTION('',(1.,0.,0.));
#2043=DIRECTION('',(0.,0.,1.));
#2044=DIRECTION('',(1.,0.,0.));
#2045=DIRECTION('',(-1.86379100292968E-16,1.,0.));
#2046=DIRECTION('',(-1.,-1.86379100292968E-16,0.));
#2047=DIRECTION('',(0.,-1.,0.));
#2048=DIRECTION('',(0.,0.,-1.));
#2049=DIRECTION('',(1.,0.,0.));
#2050=DIRECTION('',(0.,0.,-1.));
#2051=DIRECTION('',(1.,0.,0.));
#2052=DIRECTION('',(0.,0.,-1.));
#2053=DIRECTION('',(-1.,0.,0.));
#2054=DIRECTION('',(0.,0.,1.));
#2055=DIRECTION('',(-1.,0.,0.));
#2056=DIRECTION('',(0.,0.,1.));
#2057=DIRECTION('',(-1.,0.,0.));
#2058=DIRECTION('',(0.,0.,1.));
#2059=DIRECTION('',(0.,0.,1.));
#2060=DIRECTION('',(1.,0.,0.));
#2061=DIRECTION('',(0.,0.,1.));
#2062=DIRECTION('',(1.,0.,0.));
#2063=CARTESIAN_POINT('',(0.,0.,0.));
#2064=CARTESIAN_POINT('',(0.,-6.93889390390723E-18,0.016));
#2065=CARTESIAN_POINT('',(-1.7347234759768E-18,-0.03123,0.016));
#2066=CARTESIAN_POINT('',(0.0016,-0.03123,0.016));
#2067=CARTESIAN_POINT('',(1.7347234759768E-18,0.03123,0.016));
#2068=CARTESIAN_POINT('',(0.0016,0.03123,0.016));
#2069=CARTESIAN_POINT('',(-0.0278343650813896,-0.03723,0.016));
#2070=CARTESIAN_POINT('',(-0.0278343650813896,0.0345743650813896,0.016));
#2071=CARTESIAN_POINT('',(-0.0278343650813896,-0.0345743650813896,0.016));
#2072=CARTESIAN_POINT('',(0.,-0.0345743650813896,0.016));
#2073=CARTESIAN_POINT('',(0.0278343650813896,-0.0345743650813896,0.016));
#2074=CARTESIAN_POINT('',(0.0278343650813896,-1.75114998281181E-18,0.016));
#2075=CARTESIAN_POINT('',(0.0278343650813896,0.0345743650813896,0.016));
#2076=CARTESIAN_POINT('',(-0.03049,0.0345743650813896,0.016));
#2077=CARTESIAN_POINT('',(-0.00405599293298797,-0.0250464252989762,0.016));
#2078=CARTESIAN_POINT('',(-0.00405599293298797,-0.0260121107239254,0.016));
#2079=CARTESIAN_POINT('',(-0.00309030750803873,-0.0250464252989762,0.016));
#2080=CARTESIAN_POINT('',(0.,-0.0260121107239254,0.016));
#2081=CARTESIAN_POINT('',(-0.0157903075080387,-0.0260121107239254,0.016));
#2082=CARTESIAN_POINT('',(-0.0157903075080387,-0.0250464252989762,0.016));
#2083=CARTESIAN_POINT('',(-0.016755992932988,-0.0250464252989762,0.016));
#2084=CARTESIAN_POINT('',(-0.016755992932988,-6.93889390390723E-18,0.016));
#2085=CARTESIAN_POINT('',(-0.016755992932988,-0.0135121107239254,0.016));
#2086=CARTESIAN_POINT('',(-0.0157903075080387,-0.0135121107239254,0.016));
#2087=CARTESIAN_POINT('',(-0.0157903075080387,-0.0125464252989761,0.016));
#2088=CARTESIAN_POINT('',(-0.00357315022051335,-0.0125464252989761,0.016));
#2089=CARTESIAN_POINT('',(-0.00405599293298797,-0.0125464252989761,0.016));
#2090=CARTESIAN_POINT('',(-0.00405599293298797,-0.0135121107239254,0.016));
#2091=CARTESIAN_POINT('',(-0.00309030750803873,-0.0135121107239254,0.016));
#2092=CARTESIAN_POINT('',(-0.00309030750803873,-0.0255292680114508,0.016));
#2093=CARTESIAN_POINT('',(0.0158350018948316,0.000372085579531268,0.016));
#2094=CARTESIAN_POINT('',(0.0178350018948316,0.000372085579531268,0.016));
#2095=CARTESIAN_POINT('',(0.0158350018948316,0.00237208557953126,0.016));
#2096=CARTESIAN_POINT('',(0.0178350018948316,-0.0228609029591084,0.016));
#2097=CARTESIAN_POINT('',(0.0178350018948316,-0.0218609029591083,0.016));
#2098=CARTESIAN_POINT('',(0.0158350018948316,-0.0218609029591083,0.016));
#2099=CARTESIAN_POINT('',(0.0158350018948316,-0.0238609029591084,0.016));
#2100=CARTESIAN_POINT('',(0.,-0.0238609029591084,0.016));
#2101=CARTESIAN_POINT('',(0.0104549566119909,-0.0238609029591084,0.016));
#2102=CARTESIAN_POINT('',(0.0104549566119909,-0.0218609029591083,0.016));
#2103=CARTESIAN_POINT('',(0.00845495661199093,-0.0218609029591083,0.016));
#2104=CARTESIAN_POINT('',(0.00845495661199093,-6.93889390390723E-18,0.016));
#2105=CARTESIAN_POINT('',(0.00845495661199093,0.000372085579531268,0.016));
#2106=CARTESIAN_POINT('',(0.0104549566119909,0.000372085579531268,0.016));
#2107=CARTESIAN_POINT('',(0.0104549566119909,0.00237208557953126,0.016));
#2108=CARTESIAN_POINT('',(0.0168350018948316,0.00237208557953126,0.016));
#2109=CARTESIAN_POINT('',(0.01949,0.02623,0.016));
#2110=CARTESIAN_POINT('',(0.01949,0.03223,0.016));
#2111=CARTESIAN_POINT('',(0.02549,0.02623,0.016));
#2112=CARTESIAN_POINT('',(0.02549,0.00943810969591142,0.016));
#2113=CARTESIAN_POINT('',(0.02549,0.00943810969591142,0.016));
#2114=CARTESIAN_POINT('',(0.01949,0.00943810969591142,0.016));
#2115=CARTESIAN_POINT('',(0.01949,0.00343810969591141,0.016));
#2116=CARTESIAN_POINT('',(0.0092,0.00343810969591141,0.016));
#2117=CARTESIAN_POINT('',(0.0092,0.00343810969591141,0.016));
#2118=CARTESIAN_POINT('',(0.0092,0.00943810969591141,0.016));
#2119=CARTESIAN_POINT('',(0.0032,0.00943810969591141,0.016));
#2120=CARTESIAN_POINT('',(0.0032,-6.93889390390723E-18,0.016));
#2121=CARTESIAN_POINT('',(0.0032,0.02623,0.016));
#2122=CARTESIAN_POINT('',(0.0092,0.02623,0.016));
#2123=CARTESIAN_POINT('',(0.0092,0.03223,0.016));
#2124=CARTESIAN_POINT('',(0.,0.03223,0.016));
#2125=CARTESIAN_POINT('',(-0.00151952193677425,-0.0105180276334286,0.016));
#2126=CARTESIAN_POINT('',(-0.00151952193677425,-0.0125180276334286,0.016));
#2127=CARTESIAN_POINT('',(0.000480478063225748,-0.0105180276334286,0.016));
#2128=CARTESIAN_POINT('',(-0.0200195219367743,-0.0125180276334286,0.016));
#2129=CARTESIAN_POINT('',(-0.0190195219367743,-0.0125180276334286,0.016));
#2130=CARTESIAN_POINT('',(-0.0190195219367743,-0.0105180276334286,0.016));
#2131=CARTESIAN_POINT('',(-0.0210195219367743,-0.0105180276334286,0.016));
#2132=CARTESIAN_POINT('',(-0.0210195219367743,-6.93889390390723E-18,0.016));
#2133=CARTESIAN_POINT('',(-0.0210195219367743,0.0265069787800312,0.016));
#2134=CARTESIAN_POINT('',(-0.0190195219367743,0.0265069787800312,0.016));
#2135=CARTESIAN_POINT('',(-0.0190195219367743,0.0285069787800312,0.016));
#2136=CARTESIAN_POINT('',(-0.000519521936774254,0.0285069787800312,0.016));
#2137=CARTESIAN_POINT('',(-0.00151952193677425,0.0285069787800312,0.016));
#2138=CARTESIAN_POINT('',(-0.00151952193677425,0.0265069787800312,0.016));
#2139=CARTESIAN_POINT('',(0.000480478063225746,0.0265069787800312,0.016));
#2140=CARTESIAN_POINT('',(0.000480478063225748,-0.0115180276334286,0.016));
#2141=CARTESIAN_POINT('',(-0.0102695219367742,0.0275069787800312,0.016));
#2142=CARTESIAN_POINT('',(-0.0102695219367742,0.0275069787800312,0.013));
#2143=CARTESIAN_POINT('',(-0.0190195219367743,0.0275069787800312,0.013));
#2144=CARTESIAN_POINT('',(-0.00151952193677425,0.0275069787800312,0.013));
#2145=CARTESIAN_POINT('',(-0.00151952193677425,0.0275069787800312,0.016));
#2146=CARTESIAN_POINT('',(-0.00151952193677425,0.0275069787800312,0.015));
#2147=CARTESIAN_POINT('',(-0.0200195219367743,0.0275069787800312,0.015));
#2148=CARTESIAN_POINT('',(-0.0190195219367743,0.0275069787800312,0.015));
#2149=CARTESIAN_POINT('',(-0.0190195219367743,0.0275069787800312,0.016));
#2150=CARTESIAN_POINT('',(-0.000519521936774253,0.0177569787800312,0.016));
#2151=CARTESIAN_POINT('',(-0.000519521936774253,0.0177569787800312,0.013));
#2152=CARTESIAN_POINT('',(-0.000519521936774254,0.0265069787800312,0.013));
#2153=CARTESIAN_POINT('',(-0.000519521936774252,-0.0105180276334286,0.013));
#2154=CARTESIAN_POINT('',(-0.000519521936774252,-0.0105180276334286,0.016));
#2155=CARTESIAN_POINT('',(-0.000519521936774252,-0.0105180276334286,0.015));
#2156=CARTESIAN_POINT('',(-0.000519521936774254,0.0275069787800312,0.015));
#2157=CARTESIAN_POINT('',(-0.000519521936774254,0.0265069787800312,0.015));
#2158=CARTESIAN_POINT('',(-0.000519521936774254,0.0265069787800312,0.013));
#2159=CARTESIAN_POINT('',(-0.0102695219367742,-0.0115180276334286,0.016));
#2160=CARTESIAN_POINT('',(-0.0102695219367742,-0.0115180276334286,0.013));
#2161=CARTESIAN_POINT('',(-0.00151952193677425,-0.0115180276334286,0.013));
#2162=CARTESIAN_POINT('',(-0.0190195219367743,-0.0115180276334286,0.013));
#2163=CARTESIAN_POINT('',(-0.0190195219367743,-0.0115180276334286,0.016));
#2164=CARTESIAN_POINT('',(-0.0190195219367743,-0.0115180276334286,0.015));
#2165=CARTESIAN_POINT('',(-0.000519521936774252,-0.0115180276334286,0.015));
#2166=CARTESIAN_POINT('',(-0.00151952193677425,-0.0115180276334286,0.015));
#2167=CARTESIAN_POINT('',(-0.00151952193677425,-0.0115180276334286,0.013));
#2168=CARTESIAN_POINT('',(0.0131449792534113,0.00137208557953127,0.016));
#2169=CARTESIAN_POINT('',(0.0131449792534113,0.00137208557953127,0.013));
#2170=CARTESIAN_POINT('',(0.0104549566119909,0.00137208557953127,0.013));
#2171=CARTESIAN_POINT('',(0.0158350018948316,0.00137208557953127,0.013));
#2172=CARTESIAN_POINT('',(0.0158350018948316,0.00137208557953127,0.016));
#2173=CARTESIAN_POINT('',(0.0158350018948316,0.00137208557953127,0.015));
#2174=CARTESIAN_POINT('',(0.00945495661199093,0.00137208557953127,0.015));
#2175=CARTESIAN_POINT('',(0.0104549566119909,0.00137208557953127,0.015));
#2176=CARTESIAN_POINT('',(0.0104549566119909,0.00137208557953127,0.016));
#2177=CARTESIAN_POINT('',(0.0168350018948316,-0.0107444086897885,0.016));
#2178=CARTESIAN_POINT('',(0.0168350018948316,-0.0107444086897885,0.013));
#2179=CARTESIAN_POINT('',(0.0168350018948316,0.000372085579531268,0.013));
#2180=CARTESIAN_POINT('',(0.0168350018948316,-0.0218609029591083,0.013));
#2181=CARTESIAN_POINT('',(0.0168350018948316,-0.0218609029591083,0.016));
#2182=CARTESIAN_POINT('',(0.0168350018948316,-0.0218609029591083,0.015));
#2183=CARTESIAN_POINT('',(0.0168350018948316,0.00137208557953127,0.015));
#2184=CARTESIAN_POINT('',(0.0168350018948316,0.000372085579531268,0.015));
#2185=CARTESIAN_POINT('',(0.0168350018948316,0.000372085579531268,0.013));
#2186=CARTESIAN_POINT('',(0.0131449792534113,-0.0228609029591084,0.016));
#2187=CARTESIAN_POINT('',(0.0131449792534113,-0.0228609029591084,0.013));
#2188=CARTESIAN_POINT('',(0.0104549566119909,-0.0228609029591084,0.013));
#2189=CARTESIAN_POINT('',(0.0158350018948316,-0.0228609029591084,0.013));
#2190=CARTESIAN_POINT('',(0.0104549566119909,-0.0228609029591084,0.016));
#2191=CARTESIAN_POINT('',(0.0104549566119909,-0.0228609029591084,0.015));
#2192=CARTESIAN_POINT('',(0.0131449792534113,-0.0228609029591084,0.015));
#2193=CARTESIAN_POINT('',(0.0158350018948316,-0.0228609029591084,0.015));
#2194=CARTESIAN_POINT('',(0.0158350018948316,-0.0228609029591084,0.016));
#2195=CARTESIAN_POINT('',(-0.0162731502205134,-0.0192792680114507,0.016));
#2196=CARTESIAN_POINT('',(-0.0162731502205134,-0.0192792680114507,0.0155171572875254));
#2197=CARTESIAN_POINT('',(-0.0162731502205134,-0.0135121107239254,0.0155171572875254));
#2198=CARTESIAN_POINT('',(-0.0162731502205134,-0.0250464252989762,0.0155171572875254));
#2199=CARTESIAN_POINT('',(-0.0162731502205134,-0.0250464252989762,0.013));
#2200=CARTESIAN_POINT('',(-0.0162731502205134,-0.0250464252989762,0.013));
#2201=CARTESIAN_POINT('',(-0.0162731502205134,-0.0192792680114507,0.013));
#2202=CARTESIAN_POINT('',(-0.0162731502205134,-0.0135121107239254,0.013));
#2203=CARTESIAN_POINT('',(-0.0162731502205134,-0.0135121107239254,0.016));
#2204=CARTESIAN_POINT('',(-0.00992315022051334,-0.0130292680114508,0.016));
#2205=CARTESIAN_POINT('',(-0.0162731502205134,-0.0130292680114508,0.0155171572875254));
#2206=CARTESIAN_POINT('',(-0.00405599293298797,-0.0130292680114508,0.0155171572875254));
#2207=CARTESIAN_POINT('',(-0.0157903075080387,-0.0130292680114508,0.0155171572875254));
#2208=CARTESIAN_POINT('',(-0.0157903075080387,-0.0130292680114508,0.016));
#2209=CARTESIAN_POINT('',(-0.0157903075080387,-0.0130292680114508,0.013));
#2210=CARTESIAN_POINT('',(-0.00992315022051334,-0.0130292680114508,0.013));
#2211=CARTESIAN_POINT('',(-0.00405599293298797,-0.0130292680114508,0.013));
#2212=CARTESIAN_POINT('',(-0.00405599293298797,-0.0130292680114508,0.016));
#2213=CARTESIAN_POINT('',(-0.00357315022051335,-0.0192792680114507,0.016));
#2214=CARTESIAN_POINT('',(-0.00357315022051335,-0.0130292680114508,0.0155171572875254));
#2215=CARTESIAN_POINT('',(-0.00357315022051335,-0.0250464252989762,0.0155171572875254));
#2216=CARTESIAN_POINT('',(-0.00357315022051335,-0.0135121107239254,0.0155171572875254));
#2217=CARTESIAN_POINT('',(-0.00357315022051335,-0.0135121107239254,0.013));
#2218=CARTESIAN_POINT('',(-0.00357315022051335,-0.0135121107239254,0.013));
#2219=CARTESIAN_POINT('',(-0.00357315022051335,-0.0192792680114507,0.013));
#2220=CARTESIAN_POINT('',(-0.00357315022051335,-0.0250464252989762,0.013));
#2221=CARTESIAN_POINT('',(-0.00357315022051335,-0.0250464252989762,0.016));
#2222=CARTESIAN_POINT('',(6.93889390390723E-18,-0.03723,0.016));
#2223=CARTESIAN_POINT('',(6.93889390390723E-18,-0.03723,0.0133443650813896));
#2224=CARTESIAN_POINT('',(0.0278343650813896,-0.03723,0.0133443650813896));
#2225=CARTESIAN_POINT('',(-0.0278343650813896,-0.03723,0.0133443650813896));
#2226=CARTESIAN_POINT('',(-0.0278343650813896,-0.03723,0.013));
#2227=CARTESIAN_POINT('',(-0.0278343650813896,-0.03723,0.013));
#2228=CARTESIAN_POINT('',(6.93889390390723E-18,-0.03723,0.013));
#2229=CARTESIAN_POINT('',(0.0278343650813896,-0.03723,0.013));
#2230=CARTESIAN_POINT('',(0.0278343650813896,-0.03723,0.016));
#2231=CARTESIAN_POINT('',(0.03049,0.,0.016));
#2232=CARTESIAN_POINT('',(0.03049,0.,0.013));
#2233=CARTESIAN_POINT('',(0.03049,0.0345743650813896,0.013));
#2234=CARTESIAN_POINT('',(0.03049,-0.0345743650813896,0.013));
#2235=CARTESIAN_POINT('',(0.03049,0.0345743650813896,0.016));
#2236=CARTESIAN_POINT('',(0.03049,0.0345743650813896,0.0133443650813896));
#2237=CARTESIAN_POINT('',(0.03049,0.,0.0133443650813896));
#2238=CARTESIAN_POINT('',(0.03049,-0.0345743650813896,0.0133443650813896));
#2239=CARTESIAN_POINT('',(0.03049,-0.0345743650813896,0.016));
#2240=CARTESIAN_POINT('',(-6.93889390390723E-18,0.03723,0.016));
#2241=CARTESIAN_POINT('',(0.03049,0.03723,0.0133443650813896));
#2242=CARTESIAN_POINT('',(-0.0278343650813896,0.03723,0.0133443650813896));
#2243=CARTESIAN_POINT('',(0.0278343650813896,0.03723,0.0133443650813896));
#2244=CARTESIAN_POINT('',(0.0278343650813896,0.03723,0.013));
#2245=CARTESIAN_POINT('',(0.0278343650813896,0.03723,0.013));
#2246=CARTESIAN_POINT('',(-6.93889390390723E-18,0.03723,0.013));
#2247=CARTESIAN_POINT('',(-0.0278343650813896,0.03723,0.013));
#2248=CARTESIAN_POINT('',(-0.0278343650813896,0.03723,0.016));
#2249=CARTESIAN_POINT('',(0.014345,0.03123,0.016));
#2250=CARTESIAN_POINT('',(0.01949,0.03123,0.016));
#2251=CARTESIAN_POINT('',(0.01949,0.03123,0.015));
#2252=CARTESIAN_POINT('',(0.01949,0.03123,0.013));
#2253=CARTESIAN_POINT('',(0.014345,0.03123,0.015));
#2254=CARTESIAN_POINT('',(0.0092,0.03123,0.015));
#2255=CARTESIAN_POINT('',(0.0092,0.03123,0.016));
#2256=CARTESIAN_POINT('',(0.0092,0.03123,0.013));
#2257=CARTESIAN_POINT('',(0.014345,0.03123,0.013));
#2258=CARTESIAN_POINT('',(0.01949,0.02623,0.016));
#2259=CARTESIAN_POINT('',(0.02449,0.02623,0.016));
#2260=CARTESIAN_POINT('',(0.02449,0.02623,0.015));
#2261=CARTESIAN_POINT('',(0.02449,0.02623,0.013));
#2262=CARTESIAN_POINT('',(0.01949,0.02623,0.015));
#2263=CARTESIAN_POINT('',(0.01949,0.02623,0.013));
#2264=CARTESIAN_POINT('',(0.02449,3.46944695195361E-18,0.016));
#2265=CARTESIAN_POINT('',(0.02449,0.00943810969591142,0.016));
#2266=CARTESIAN_POINT('',(0.02449,0.00943810969591142,0.015));
#2267=CARTESIAN_POINT('',(0.02449,0.00943810969591142,0.013));
#2268=CARTESIAN_POINT('',(0.02449,0.02623,0.015));
#2269=CARTESIAN_POINT('',(0.02449,3.46944695195361E-18,0.013));
#2270=CARTESIAN_POINT('',(0.01949,0.00943810969591142,0.016));
#2271=CARTESIAN_POINT('',(0.01949,0.00443810969591141,0.016));
#2272=CARTESIAN_POINT('',(0.01949,0.00443810969591141,0.015));
#2273=CARTESIAN_POINT('',(0.01949,0.00443810969591141,0.013));
#2274=CARTESIAN_POINT('',(0.01949,0.00943810969591142,0.015));
#2275=CARTESIAN_POINT('',(0.01949,0.00943810969591142,0.013));
#2276=CARTESIAN_POINT('',(0.014345,0.00443810969591141,0.016));
#2277=CARTESIAN_POINT('',(0.0092,0.00443810969591141,0.016));
#2278=CARTESIAN_POINT('',(0.0092,0.00443810969591141,0.015));
#2279=CARTESIAN_POINT('',(0.0092,0.00443810969591141,0.013));
#2280=CARTESIAN_POINT('',(0.01949,0.00443810969591141,0.015));
#2281=CARTESIAN_POINT('',(0.014345,0.00443810969591141,0.013));
#2282=CARTESIAN_POINT('',(0.0092,0.00943810969591141,0.016));
#2283=CARTESIAN_POINT('',(0.0042,0.00943810969591141,0.016));
#2284=CARTESIAN_POINT('',(0.0042,0.00943810969591141,0.015));
#2285=CARTESIAN_POINT('',(0.0042,0.00943810969591141,0.013));
#2286=CARTESIAN_POINT('',(0.0092,0.00943810969591141,0.015));
#2287=CARTESIAN_POINT('',(0.0092,0.00943810969591141,0.013));
#2288=CARTESIAN_POINT('',(0.0042,0.0178340548479557,0.016));
#2289=CARTESIAN_POINT('',(0.0042,0.02623,0.016));
#2290=CARTESIAN_POINT('',(0.0042,0.02623,0.015));
#2291=CARTESIAN_POINT('',(0.0042,0.02623,0.013));
#2292=CARTESIAN_POINT('',(0.0042,0.0178340548479557,0.015));
#2293=CARTESIAN_POINT('',(0.0042,0.0178340548479557,0.013));
#2294=CARTESIAN_POINT('',(0.00945495661199093,-0.0107444086897885,0.016));
#2295=CARTESIAN_POINT('',(0.00945495661199093,-0.0107444086897885,0.015));
#2296=CARTESIAN_POINT('',(0.00945495661199093,0.000372085579531268,0.015));
#2297=CARTESIAN_POINT('',(0.00945495661199093,-0.0218609029591083,0.015));
#2298=CARTESIAN_POINT('',(0.00945495661199093,-0.0218609029591083,0.013));
#2299=CARTESIAN_POINT('',(0.00945495661199093,-0.0218609029591083,0.013));
#2300=CARTESIAN_POINT('',(0.00945495661199093,-0.0107444086897885,0.013));
#2301=CARTESIAN_POINT('',(0.00945495661199093,0.000372085579531268,0.013));
#2302=CARTESIAN_POINT('',(0.00945495661199093,0.000372085579531268,0.016));
#2303=CARTESIAN_POINT('',(-0.00992315022051334,-0.0255292680114508,0.016));
#2304=CARTESIAN_POINT('',(-0.00992315022051334,-0.0255292680114508,0.013));
#2305=CARTESIAN_POINT('',(-0.0157903075080387,-0.0255292680114508,0.013));
#2306=CARTESIAN_POINT('',(-0.00405599293298797,-0.0255292680114508,0.013));
#2307=CARTESIAN_POINT('',(-0.0157903075080387,-0.0255292680114508,0.016));
#2308=CARTESIAN_POINT('',(-0.0157903075080387,-0.0255292680114508,0.0155171572875254));
#2309=CARTESIAN_POINT('',(-0.00992315022051334,-0.0255292680114508,0.0155171572875254));
#2310=CARTESIAN_POINT('',(-0.00405599293298797,-0.0255292680114508,0.0155171572875254));
#2311=CARTESIAN_POINT('',(-0.00405599293298797,-0.0255292680114508,0.016));
#2312=CARTESIAN_POINT('',(-0.03049,-1.38777878078145E-17,0.016));
#2313=CARTESIAN_POINT('',(-0.03049,0.03723,0.0133443650813896));
#2314=CARTESIAN_POINT('',(-0.03049,-0.0345743650813896,0.0133443650813896));
#2315=CARTESIAN_POINT('',(-0.03049,0.0345743650813896,0.0133443650813896));
#2316=CARTESIAN_POINT('',(-0.03049,0.0345743650813896,0.016));
#2317=CARTESIAN_POINT('',(-0.03049,0.0345743650813896,0.013));
#2318=CARTESIAN_POINT('',(-0.03049,-1.38777878078145E-17,0.013));
#2319=CARTESIAN_POINT('',(-0.03049,-0.0345743650813896,0.013));
#2320=CARTESIAN_POINT('',(-0.03049,-0.0345743650813896,0.016));
#2321=CARTESIAN_POINT('',(0.0092,0.02623,0.016));
#2322=CARTESIAN_POINT('',(0.0092,0.02623,0.015));
#2323=CARTESIAN_POINT('',(0.0092,0.02623,0.013));
#2324=CARTESIAN_POINT('',(-0.0200195219367743,-0.00175552442669869,0.016));
#2325=CARTESIAN_POINT('',(-0.0200195219367743,-0.00175552442669869,0.015));
#2326=CARTESIAN_POINT('',(-0.0200195219367743,0.0265069787800312,0.015));
#2327=CARTESIAN_POINT('',(-0.0200195219367743,-0.0105180276334286,0.015));
#2328=CARTESIAN_POINT('',(-0.0200195219367743,-0.0105180276334286,0.016));
#2329=CARTESIAN_POINT('',(-0.0200195219367743,-0.0105180276334286,0.013));
#2330=CARTESIAN_POINT('',(-0.0200195219367743,-0.00175552442669869,0.013));
#2331=CARTESIAN_POINT('',(-0.0200195219367743,0.0265069787800312,0.013));
#2332=CARTESIAN_POINT('',(-0.0200195219367743,0.0265069787800312,0.016));
#2333=CARTESIAN_POINT('',(0.,-6.93889390390723E-18,0.013));
#2334=CARTESIAN_POINT('',(-1.7347234759768E-18,-0.03123,0.013));
#2335=CARTESIAN_POINT('',(0.0016,-0.03123,0.013));
#2336=CARTESIAN_POINT('',(1.7347234759768E-18,0.03123,0.013));
#2337=CARTESIAN_POINT('',(0.0016,0.03123,0.013));
#2338=CARTESIAN_POINT('',(0.0278343650813896,0.0345743650813896,0.013));
#2339=CARTESIAN_POINT('',(0.0278343650813896,-0.0345743650813896,0.013));
#2340=CARTESIAN_POINT('',(-0.0278343650813896,-0.0345743650813896,0.013));
#2341=CARTESIAN_POINT('',(-0.0278343650813896,0.0345743650813896,0.013));
#2342=CARTESIAN_POINT('',(-0.0157903075080387,-0.0135121107239254,0.013));
#2343=CARTESIAN_POINT('',(-0.0157903075080387,-0.0250464252989762,0.013));
#2344=CARTESIAN_POINT('',(-0.00405599293298797,-0.0250464252989762,0.013));
#2345=CARTESIAN_POINT('',(-0.00405599293298797,-0.0135121107239254,0.013));
#2346=CARTESIAN_POINT('',(0.0104549566119909,0.000372085579531268,0.013));
#2347=CARTESIAN_POINT('',(0.0104549566119909,-0.0218609029591083,0.013));
#2348=CARTESIAN_POINT('',(0.0158350018948316,-0.0218609029591083,0.013));
#2349=CARTESIAN_POINT('',(0.0158350018948316,0.000372085579531268,0.013));
#2350=CARTESIAN_POINT('',(-0.0190195219367743,0.0265069787800312,0.013));
#2351=CARTESIAN_POINT('',(-0.0190195219367743,-0.0105180276334286,0.013));
#2352=CARTESIAN_POINT('',(-0.00151952193677425,-0.0105180276334286,0.013));
#2353=CARTESIAN_POINT('',(-0.00151952193677425,0.0265069787800312,0.013));
#2354=CARTESIAN_POINT('',(-0.00151952193677425,0.0265069787800312,0.016));
#2355=CARTESIAN_POINT('',(-0.00151952193677425,0.0265069787800312,0.015));
#2356=CARTESIAN_POINT('',(-0.00151952193677425,0.0265069787800312,0.015));
#2357=CARTESIAN_POINT('',(-0.00151952193677425,0.0285069787800312,0.015));
#2358=CARTESIAN_POINT('',(0.000480478063225746,0.0265069787800312,0.015));
#2359=CARTESIAN_POINT('',(-0.00151952193677425,-0.0105180276334286,0.016));
#2360=CARTESIAN_POINT('',(-0.00151952193677425,-0.0105180276334286,0.015));
#2361=CARTESIAN_POINT('',(0.000480478063225748,-6.90950780667753E-18,0.015));
#2362=CARTESIAN_POINT('',(0.000480478063225748,-0.0105180276334286,0.015));
#2363=CARTESIAN_POINT('',(0.,0.0285069787800312,0.015));
#2364=CARTESIAN_POINT('',(-0.0190195219367743,0.0285069787800312,0.015));
#2365=CARTESIAN_POINT('',(-0.0190195219367743,0.0265069787800312,0.016));
#2366=CARTESIAN_POINT('',(-0.0190195219367743,0.0265069787800312,0.015));
#2367=CARTESIAN_POINT('',(-0.00151952193677425,-0.0105180276334286,0.015));
#2368=CARTESIAN_POINT('',(-0.00151952193677425,-0.0125180276334286,0.015));
#2369=CARTESIAN_POINT('',(-0.0190195219367743,0.0265069787800312,0.015));
#2370=CARTESIAN_POINT('',(-0.0210195219367743,0.0265069787800312,0.015));
#2371=CARTESIAN_POINT('',(0.,-0.0125180276334286,0.015));
#2372=CARTESIAN_POINT('',(-0.0190195219367743,-0.0125180276334286,0.015));
#2373=CARTESIAN_POINT('',(-0.0210195219367743,-0.00175552442669869,0.015));
#2374=CARTESIAN_POINT('',(-0.0210195219367743,-0.0105180276334286,0.015));
#2375=CARTESIAN_POINT('',(-0.0190195219367743,-0.0105180276334286,0.015));
#2376=CARTESIAN_POINT('',(-0.0190195219367743,-0.0105180276334286,0.015));
#2377=CARTESIAN_POINT('',(-0.0190195219367743,-0.0105180276334286,0.016));
#2378=CARTESIAN_POINT('',(0.0032,0.0178340548479557,0.015));
#2379=CARTESIAN_POINT('',(0.0032,0.00943810969591141,0.015));
#2380=CARTESIAN_POINT('',(0.0032,0.02623,0.015));
#2381=CARTESIAN_POINT('',(0.0092,0.02623,0.015));
#2382=CARTESIAN_POINT('',(0.0092,0.03223,0.015));
#2383=CARTESIAN_POINT('',(0.0092,0.00943810969591141,0.015));
#2384=CARTESIAN_POINT('',(0.0092,0.00343810969591141,0.015));
#2385=CARTESIAN_POINT('',(0.014345,0.03223,0.015));
#2386=CARTESIAN_POINT('',(0.01949,0.03223,0.015));
#2387=CARTESIAN_POINT('',(0.,0.00343810969591141,0.015));
#2388=CARTESIAN_POINT('',(0.01949,0.00343810969591141,0.015));
#2389=CARTESIAN_POINT('',(0.01949,0.02623,0.015));
#2390=CARTESIAN_POINT('',(0.02549,0.02623,0.015));
#2391=CARTESIAN_POINT('',(0.01949,0.00943810969591142,0.015));
#2392=CARTESIAN_POINT('',(0.02549,0.00943810969591142,0.015));
#2393=CARTESIAN_POINT('',(0.02549,-1.27535225771462E-18,0.015));
#2394=CARTESIAN_POINT('',(0.0158350018948316,0.000372085579531268,0.016));
#2395=CARTESIAN_POINT('',(0.0158350018948316,0.000372085579531268,0.015));
#2396=CARTESIAN_POINT('',(0.0158350018948316,0.000372085579531268,0.015));
#2397=CARTESIAN_POINT('',(0.0158350018948316,0.00237208557953126,0.015));
#2398=CARTESIAN_POINT('',(0.0178350018948316,0.000372085579531268,0.015));
#2399=CARTESIAN_POINT('',(0.0158350018948316,-0.0218609029591083,0.016));
#2400=CARTESIAN_POINT('',(0.0158350018948316,-0.0218609029591083,0.015));
#2401=CARTESIAN_POINT('',(0.0178350018948316,-6.93889390390723E-18,0.015));
#2402=CARTESIAN_POINT('',(0.0178350018948316,-0.0218609029591083,0.015));
#2403=CARTESIAN_POINT('',(0.,0.00237208557953126,0.015));
#2404=CARTESIAN_POINT('',(0.0104549566119909,0.00237208557953126,0.015));
#2405=CARTESIAN_POINT('',(0.0104549566119909,0.000372085579531268,0.016));
#2406=CARTESIAN_POINT('',(0.0104549566119909,0.000372085579531268,0.015));
#2407=CARTESIAN_POINT('',(0.0158350018948316,-0.0218609029591083,0.015));
#2408=CARTESIAN_POINT('',(0.0158350018948316,-0.0238609029591084,0.015));
#2409=CARTESIAN_POINT('',(0.0104549566119909,0.000372085579531268,0.015));
#2410=CARTESIAN_POINT('',(0.00845495661199093,0.000372085579531268,0.015));
#2411=CARTESIAN_POINT('',(0.0131449792534113,-0.0238609029591084,0.015));
#2412=CARTESIAN_POINT('',(0.0104549566119909,-0.0238609029591084,0.015));
#2413=CARTESIAN_POINT('',(0.00845495661199093,-0.0107444086897885,0.015));
#2414=CARTESIAN_POINT('',(0.00845495661199093,-0.0218609029591083,0.015));
#2415=CARTESIAN_POINT('',(0.0104549566119909,-0.0218609029591083,0.015));
#2416=CARTESIAN_POINT('',(0.0104549566119909,-0.0218609029591083,0.015));
#2417=CARTESIAN_POINT('',(0.0104549566119909,-0.0218609029591083,0.016));
#2418=CARTESIAN_POINT('',(-0.00405599293298797,-0.0135121107239254,0.016));
#2419=CARTESIAN_POINT('',(-0.00405599293298797,-0.0135121107239254,0.0155171572875254));
#2420=CARTESIAN_POINT('',(-0.00405599293298797,-0.0135121107239254,0.0155171572875254));
#2421=CARTESIAN_POINT('',(-0.00405599293298797,-0.0125464252989761,0.0155171572875254));
#2422=CARTESIAN_POINT('',(-0.00309030750803873,-0.0135121107239254,0.0155171572875254));
#2423=CARTESIAN_POINT('',(-0.00405599293298797,-0.0250464252989762,0.016));
#2424=CARTESIAN_POINT('',(-0.00405599293298797,-0.0250464252989762,0.0155171572875254));
#2425=CARTESIAN_POINT('',(-0.00309030750803873,-7.15332706319451E-18,0.0155171572875254));
#2426=CARTESIAN_POINT('',(-0.00309030750803873,-0.0250464252989762,0.0155171572875254));
#2427=CARTESIAN_POINT('',(0.,-0.0125464252989761,0.0155171572875254));
#2428=CARTESIAN_POINT('',(-0.0157903075080387,-0.0125464252989761,0.0155171572875254));
#2429=CARTESIAN_POINT('',(-0.0157903075080387,-0.0135121107239254,0.016));
#2430=CARTESIAN_POINT('',(-0.0157903075080387,-0.0135121107239254,0.0155171572875254));
#2431=CARTESIAN_POINT('',(-0.00405599293298797,-0.0250464252989762,0.0155171572875254));
#2432=CARTESIAN_POINT('',(-0.00405599293298797,-0.0260121107239254,0.0155171572875254));
#2433=CARTESIAN_POINT('',(-0.0157903075080387,-0.0135121107239254,0.0155171572875254));
#2434=CARTESIAN_POINT('',(-0.016755992932988,-0.0135121107239254,0.0155171572875254));
#2435=CARTESIAN_POINT('',(-0.00992315022051334,-0.0260121107239254,0.0155171572875254));
#2436=CARTESIAN_POINT('',(-0.0157903075080387,-0.0260121107239254,0.0155171572875254));
#2437=CARTESIAN_POINT('',(-0.016755992932988,-0.0192792680114507,0.0155171572875254));
#2438=CARTESIAN_POINT('',(-0.016755992932988,-0.0250464252989762,0.0155171572875254));
#2439=CARTESIAN_POINT('',(-0.0157903075080387,-0.0250464252989762,0.0155171572875254));
#2440=CARTESIAN_POINT('',(-0.0157903075080387,-0.0250464252989762,0.0155171572875254));
#2441=CARTESIAN_POINT('',(-0.0157903075080387,-0.0250464252989762,0.016));
#2442=CARTESIAN_POINT('',(0.0278343650813896,0.0345743650813896,0.016));
#2443=CARTESIAN_POINT('',(0.0278343650813896,0.0345743650813896,0.0133443650813896));
#2444=CARTESIAN_POINT('',(-0.0278343650813896,0.0345743650813896,0.016));
#2445=CARTESIAN_POINT('',(-0.0278343650813896,0.0345743650813896,0.0133443650813896));
#2446=CARTESIAN_POINT('',(0.,0.0345743650813896,0.0133443650813896));
#2447=CARTESIAN_POINT('',(0.0278343650813896,0.0345743650813896,0.0133443650813896));
#2448=CARTESIAN_POINT('',(-0.0278343650813896,0.0345743650813896,0.0133443650813896));
#2449=CARTESIAN_POINT('',(0.0278343650813896,0.0345743650813896,0.0133443650813896));
#2450=CARTESIAN_POINT('',(0.0278343650813896,0.0345743650813896,0.0133443650813896));
#2451=CARTESIAN_POINT('',(-0.0278343650813896,0.0345743650813896,0.0133443650813896));
#2452=CARTESIAN_POINT('',(-0.0278343650813896,0.0345743650813896,0.0133443650813896));
#2453=CARTESIAN_POINT('',(0.0278343650813896,-4.94954846837199E-19,0.0133443650813896));
#2454=CARTESIAN_POINT('',(0.0278343650813896,-0.0345743650813896,0.0133443650813896));
#2455=CARTESIAN_POINT('',(0.0278343650813896,-0.0345743650813896,0.016));
#2456=CARTESIAN_POINT('',(0.0278343650813896,-0.0345743650813896,0.0133443650813896));
#2457=CARTESIAN_POINT('',(-0.0278343650813896,-0.0345743650813896,0.016));
#2458=CARTESIAN_POINT('',(-0.0278343650813896,-0.0345743650813896,0.0133443650813896));
#2459=CARTESIAN_POINT('',(-0.0278343650813896,-1.21266378250026E-17,0.0133443650813896));
#2460=CARTESIAN_POINT('',(-0.0278343650813896,-0.0345743650813896,0.0133443650813896));
#2461=CARTESIAN_POINT('',(0.0278343650813896,-0.0345743650813896,0.0133443650813896));
#2462=CARTESIAN_POINT('',(0.0278343650813896,-0.0345743650813896,0.0133443650813896));
#2463=CARTESIAN_POINT('',(-0.0278343650813896,-0.0345743650813896,0.0133443650813896));
#2464=CARTESIAN_POINT('',(-0.0278343650813896,-0.0345743650813896,0.0133443650813896));
#2465=CARTESIAN_POINT('',(6.93889390390723E-18,-0.0345743650813896,0.0133443650813896));
#2466=CARTESIAN_POINT('',(1.7347234759768E-18,0.03123,-0.009));
#2467=CARTESIAN_POINT('',(-1.7347234759768E-18,-0.03123,-0.009));
#2468=MECHANICAL_DESIGN_GEOMETRIC_PRESENTATION_REPRESENTATION('',(#1397),
#2469);
#2469=(
GEOMETRIC_REPRESENTATION_CONTEXT(3)
GLOBAL_UNCERTAINTY_ASSIGNED_CONTEXT((#2470))
GLOBAL_UNIT_ASSIGNED_CONTEXT((#2473,#2472,#2471))
REPRESENTATION_CONTEXT('Part 1','TOP_LEVEL_ASSEMBLY_PART')
);
#2470=UNCERTAINTY_MEASURE_WITH_UNIT(LENGTH_MEASURE(1.E-8),#2473,
'DISTANCE_ACCURACY_VALUE','Maximum Tolerance applied to model');
#2471=(
NAMED_UNIT(*)
SI_UNIT($,.STERADIAN.)
SOLID_ANGLE_UNIT()
);
#2472=(
NAMED_UNIT(*)
PLANE_ANGLE_UNIT()
SI_UNIT($,.RADIAN.)
);
#2473=(
LENGTH_UNIT()
NAMED_UNIT(*)
SI_UNIT($,.METRE.)
);
#2474=PRODUCT_DEFINITION_SHAPE('','',#2475);
#2475=PRODUCT_DEFINITION('','',#2477,#2476);
#2476=PRODUCT_DEFINITION_CONTEXT('',#2483,'design');
#2477=PRODUCT_DEFINITION_FORMATION_WITH_SPECIFIED_SOURCE('','',#2479,
 .NOT_KNOWN.);
#2478=PRODUCT_RELATED_PRODUCT_CATEGORY('','',(#2479));
#2479=PRODUCT('Part 1','Part 1','Part 1',(#2481));
#2480=PRODUCT_CATEGORY('','');
#2481=PRODUCT_CONTEXT('',#2483,'mechanical');
#2482=APPLICATION_PROTOCOL_DEFINITION('international standard',
'ap242_managed_model_based_3d_engineering',2020,#2483);
#2483=APPLICATION_CONTEXT('managed model based 3d engineering');
ENDSEC;
END-ISO-10303-21;
